champion_id,key,id,image_url,enemy_tips,ally_tips,champ_id
가렌,Garen,86,https://opgg-static.akamaized.net/meta/images/lol/champion/Garen.png,"가렌의 공격으로 입는 물리 피해를 줄이려면 방어력 위주의 아이템을 여러 개 구매하십시오.', '체력이 낮아지면 가렌이 데마시아의 정의로 플레이어를 빠르게 제거할 수 있으므로 도망가는 것이 좋습니다.', '수풀에서 가렌을 공격할 때는 조심해야 합니다. 수풀에서 가렌과 마주치면 심판 스킬을 모두 맞고 큰 피해를 입을 수 있습니다.', '심판은 단일 대상을 맞힐 때 피해량이 최대입니다. 사거리에서 나가거나, 아군 미니언에 붙어서 피해량을 줄이세요.'","가렌은 일정 시간 공격을 당하지 않으면 체력을 빠르게 회복합니다.', '심판 스킬은 하나의 대상을 맞힐 때 피해량이 최대로 올라갑니다. 유리한 딜 교환을 위해서는 적 챔피언 하나만 스킬에 맞을 수 있도록 위치를 잘 잡으세요.', '가렌은 재사용 대기시간 외에 제약이 없으므로 칠흑의 양날 도끼 같은 아이템이 효과가 좋습니다.'",가렌
갈리오,Galio,3,https://opgg-static.akamaized.net/meta/images/lol/champion/Galio.png,"갈리오는 듀란드의 방패로 방어 태세에 돌입하면 움직임이 느려집니다.', '갈리오가 영웅출현 사용 시, 도약하기 전까지 스킬을 방해할 수 있습니다.', '갈리오는 정의의 주먹으로 지형을 넘을 수 없습니다.'","군중 제어 스킬에 영향을 받고 있는 상태라도 듀란드의 방패를 재사용할 수 있습니다.', '영웅출현은 미니맵의 아군 아이콘에도 사용할 수 있습니다.', '정의의 주먹 사용 시 잠깐 뒤로 물러나는 것을 이용해 적의 스킬을 피할 수도 있습니다.'",갈리오
갱플랭크,Gangplank,41,https://opgg-static.akamaized.net/meta/images/lol/champion/Gangplank.png,"혀어어어업상은 매우 높은 물리 피해를 주므로 방어력을 높여주는 아이템이 있다면 그와 맞서는 데 도움이 됩니다.', '갱플랭크가 6레벨에 도달하면 맵 전역에 적용할 수 있는 궁극기 포탄 세례를 주의하세요.'","혀어어어업상은 얼어붙은 망치 또는 칠흑의 양날도끼와 같이 적에게 적중 시 효과가 발생하는 아이템 효과가 적용됩니다.', '지도에 체력이 낮은 적이 보이면 포탄 세례로 마무리하십시오.', '적의 탈출로에 포탄 세례를 사용하여 도망치는 적을 나머지 적 챔피언 무리로부터 끊어놓으십시오.'",갱플랭크
그라가스,Gragas,79,https://opgg-static.akamaized.net/meta/images/lol/champion/Gragas.png,"그라가스는 궁극기로 모든 유닛을 밀어낼 수 있습니다. 그라가스나 적 포탑의 공격 범위 안으로 밀려 들어가지 않도록 조심하십시오.', '몸통 박치기는 재사용 대기시간이 무척 짧기 때문에 그라가스를 추적하기는 매우 어렵습니다. 너무 깊숙히 추격하지 않도록 조심하십시오.'","취중 분노의 피해량 감소 효과는 마시기 시작할 때 적용되므로, 적의 공격이 들어오면 바로 사용하세요.', '술통 폭발로 적을 아군 포탑 쪽으로 밀어버리십시오.', '몸통 박치기와 술통 폭발을 연계하여 아군이 킬을 올릴 수 있도록 도우십시오.'",그라가스
그레이브즈,Graves,104,https://opgg-static.akamaized.net/meta/images/lol/champion/Graves.png,"그레이브즈는 주로 물리 피해를 주기 때문에 상대할 때는 방어력에 투자하는 편이 효과적입니다.', '연막탄의 효과 범위를 벗어나면 즉시 해로운 효과가 사라집니다.'","연막탄은 도망칠 때나 적을 해치울 때 모두 사용할 수 있습니다.', '빨리 뽑기 스킬로 사거리 안에 들어가 근거리에서 산탄 사격을 가하면 큰 피해를 입힐 수 있습니다.'",그레이브즈
그웬,Gwen,887,https://opgg-static.akamaized.net/meta/images/lol/champion/Gwen.png,"그웬의 신성한 안개 장막은 그웬을 한 번만 따라오며 이후 그웬이 이동하면 사라집니다.', '그웬은 대상을 적중시켜야 궁극기를 다시 사용할 수 있으니 그웬이 궁극기를 사용한 후에는 그웬의 공격에 맞지 않도록 피하세요.', '그웬은 여러 차례 공격해야 큰 피해를 입힐 수 있으니 그웬보다 앞서나가는 게 중요합니다.'","늘 기본 공격을 가하세요. 추가 피해를 입히며 그웬의 기본 공격을 강화하거나 여러 스킬을 초기화할 수 있습니다.', '그웬은 신성한 안개 밖에 있는 적에게도 피해를 입힐 수 있습니다. 궁극기 사거리를 활용하면 더욱 효과적입니다.', '그웬의 몇몇 스킬은 기본 지속 효과를 다수의 적에게 적용할 수 있으니 무리 지은 적을 노려 피해와 회복 효과를 최대로 높이세요.'",그웬
나르,Gnar,150,https://opgg-static.akamaized.net/meta/images/lol/champion/Gnar.png,"나르는 커졌다 다시 작아진 후에는 15초 동안 분노가 쌓이지 않습니다. 이 때를 놓치지 말고 교전을 시작하세요.', '나르의 애니메이션과 분노 표시는 변신 시점에 가까워질수록 변합니다.', '나르의 궁극기에 맞아 벽에 부딪히면 기절하게 됩니다. 벽 근처에서 나르와 싸울 때는 벽으로 밀리지 않도록 주의하세요.'","분노 관리는 매우 중요합니다. 미니 나르와 메가 나르 두 형태의 이점을 극대화할 수 있도록 변신 시점을 잘 조절해 보세요.', '교전 시에는 궁극기로 적을 기절시킬 수 있게끔 벽 근처로 유인하세요.', '지피지기면 백전백승! 미니 나르는 빠르고 체력이 낮은 대신 지속 피해량이 높습니다. 메가 나르는 느리고 튼튼하며 순간 피해량이 높습니다.'",나르
나미,Nami,267,https://opgg-static.akamaized.net/meta/images/lol/champion/Nami.png,"물의 감옥은 강력한 스킬이지만 재사용 대기시간도 깁니다. 이 점을 이용해서 물의 감옥 스킬을 사용할 수 없을 때를 노리세요.', '해일은 사거리가 길지만 천천히 발사되므로, 잘 살피면 피할 수 있습니다.', '파도 소환사의 축복을 받은 적과는 싸움을 피하세요. 지속시간이 짧기 때문에 조금만 기다리면 유리해집니다.'","물의 감옥은 재사용 대기시간이 길기 때문에 적절한 타이밍에 사용해야 합니다.', '적과의 교전 시에 밀물 썰물을 활용하면 전세를 유리하게 이끌 수 있습니다.', '나미의 궁극기는 멀리 있는 적에 대한 전투 개시용으로 활용하기에 좋습니다.'",나미
나서스,Nasus,75,https://opgg-static.akamaized.net/meta/images/lol/champion/Nasus.png,"궁극기로 변신한 나서스는 다른 챔피언들보다 훨씬 강력합니다. 유리한 상황에서만 나서스와 맞서십시오.', '최고 레벨의 쇠약 스킬은 기본 공격 위주의 챔피언에게 매우 치명적이므로 혼자 싸우지 마십시오.', '나서스는 원거리 공격으로 공략할 수 있습니다. 나서스의 체력이 꽉 차 있을 때는 되도록 덤비지 마십시오.'","게임 초반부터 흡수의 일격으로 꾸준히 미니언을 처치하면 게임 후반에 큰 위력을 발휘할 수 있습니다.', '공격로에 혼자 있다면 영혼의 불길로 미니언들을 편하게 사냥할 수 있습니다. 하지만 동료와 같이 있다면 자칫 적 공격로로 너무 깊숙이 들어가게 되므로 좋지 않은 선택입니다. 흡수의 일격으로 마지막 일격을 날릴지 영혼의 불길로 미니언을 광역 사냥할 것인지 적절히 선택하십시오.', '방어력이 낮다면 궁극기를 사용한 상태에서도 적은 당신을 노릴 것입니다. 물리 공격 아이템 위주로 키울 때도 생존력을 늘려줄 아이템을 구매해 두십시오.'",나서스
노틸러스,Nautilus,111,https://opgg-static.akamaized.net/meta/images/lol/champion/Nautilus.png,"노틸러스가 곁에서 역조 스킬을 사용할 때는, 그 자리에서 버티다가 물결 효과가 끝난 다음 달아나세요. 미리 달아나면 이차 폭발에 맞아 추가 피해와 둔화 효과에 걸릴 수 있습니다.', '노틸러스는 보호막이 지속되는 동안은 기본 공격으로 큰 광역 피해와 둔화를 줄 수 있습니다. 시간이 있으면 보호막이 사라질 때까지 기다리세요.'","기습할 때 닻줄 견인으로 근처 지형을 맞힌 다음 역조 스킬을 연계하면 공격 성공률을 높일 수 있습니다.', '역조 스킬은 사용 시 폭발하기까지 지연 시간이 있습니다. 달아날 때나 다가오는 적들을 방해할 때는 이 지연시간을 계산해서 활용하세요.'",노틸러스
녹턴,Nocturne,56,https://opgg-static.akamaized.net/meta/images/lol/champion/Nocturne.png,"피해망상이 시전되었을 때는 되도록 여러 명의 아군과 가까이 붙어 계십시오!', '녹턴의 말할 수 없는 공포 스킬은 거리가 멀면 실패하므로 이동 관련 스킬이나 주문이 있다면 적절하게 사용하십시오.'","피해망상 스킬은 모든 적군의 시야를 방해하므로 꼭 직접 공격용으로 사용하지 않아도 효과적입니다.', '황혼의 인도자는 공격에만 사용하는 능력이 아닙니다. 전투 시 간격을 좁히거나 위기에서 탈출할 때도 사용할 수 있습니다.', '어둠의 장막을 피해망상과 함께 사용하십시오. 적이 혼란에 빠져 플레이어의 주문 방어막에 결정적인 방해 효과 스킬을 낭비할지도 모릅니다.'",녹턴
누누와 윌럼프,Nunu,20,https://opgg-static.akamaized.net/meta/images/lol/champion/Nunu.png,"절대 영도가 완전히 시전되지 않게 방해하면 아군이 입는 피해도 줄일 수 있습니다.', '점멸 주문을 사용하면 절대 영도에서 탈출할 수 있습니다.', '데굴데굴 눈덩이!는 매우 빨리 이동하지만 방향 전환은 그만큼 빠르지 않습니다. 눈덩이를 피하려면 직선으로 도망가기보다 갑자기 방향을 바꾸세요.'","누누는 잡아먹기를 이용하여 공격로에서 원거리 공격형 적을 만나도 버틸 수 있습니다.', '절대 영도 사용 시 적이 범위에서 벗어나려 하면 기술 사용을 중단할 수 있습니다.', '절대 영도는 서로 방해 스킬을 다 쓸 때까지 기다렸다 사용하십시오. 팀 전투 시 바로 뛰어들지 말고 뒤에서 대기하십시오.'",누누와 윌럼프
니달리,Nidalee,76,https://opgg-static.akamaized.net/meta/images/lol/champion/Nidalee.png,"니달리의 사냥 효과는 창 투척과 매복 덫으로만 적용할 수 있습니다. 이 두 스킬만 피하면 후속 피해를 예방할 수 있습니다.', '니달리의 창 투척은 거리가 멀수록 더 큰 피해를 입힙니다. 니달리가 멀리 있다면 창을 반드시 피하세요.', '니달리의 숨통 끊기는 사냥 당하는 대상에게 엄청난 피해를 입히는 대신, 사용하려면 가까이 다가가야 합니다. 니달리가 최후의 일격을 날리려 접근할 때에 대비해 군중 제어기나 방어 스킬을 아껴두세요.'","수풀을 유리하게 사용하세요! 수풀 안팎으로 이동하면 전투 효율을 높일 수 있습니다.', '팀 전투 시작 시 투창 던지기로 적을 공격한 후 쿠거로 변신하여 사냥 당하는 대상을 추격하세요.', '매복 덫은 대상의 현재 체력에 비례한 피해를 입힙니다. 아군이 적의 최전선에 피해를 가할 수 있게끔, 팀 전투가 개시되기 전에 아군 후방에 깔아두세요.'",니달리
니코,Neeko,518,https://opgg-static.akamaized.net/meta/images/lol/champion/Neeko.png,"니코가 주변에 있을 때는 미니언 뒤에 자리잡지 마세요. 강화된 칭칭올가미에 맞을 수도 있습니다.', '니코가 변신 상태일 때는 만개의 경고 효과가 보이지 않습니다.'","설정 메뉴에서 기본 지속 효과에 단축키를 설정할 수 있습니다. 기본 설정은 Shift+F1~F5입니다.', '태고의 마력을 너무 남발하지는 마세요. 적을 필요 이상으로 경계하게 만들 수도 있습니다.'",니코
닐라,Nilah,895,https://opgg-static.akamaized.net/meta/images/lol/champion/Nilah.png,,,닐라
다리우스,Darius,122,https://opgg-static.akamaized.net/meta/images/lol/champion/Darius.png,"다리우스는 포획 스킬이 재사용 대기에 들어가고 나면 견제 공격에 취약해집니다.', '다리우스는 교전 시 탈출기가 별로 없습니다. 유리한 상황일 때는 강하게 압박하세요.'","학살은 강력한 견제기입니다. 사거리 끝에서 적을 가격하면 효과가 극대화됩니다.', '녹서스의 단두대를 사용하기 전에 공격을 많이 적중시킬수록 더 큰 피해를 입힙니다. 녹서스의 힘 효과를 활용하여 피해량을 극대화하세요.', '다리우스는 생존력을 강화할 때 큰 혜택을 볼 수 있습니다. 교전을 오래 끌수록 위력도 커집니다.'",다리우스
다이애나,Diana,131,https://opgg-static.akamaized.net/meta/images/lol/champion/Diana.png,"초승달 검기는 반드시 피하고, 이 스킬에 적중 당해 달빛 효과를 받을 경우 안전한 장소로 이동해야 합니다.', '은빛 가호로 생성된 구체는 몇 초 동안만 지속됩니다. 다이애나 주위에 구체가 떠 있다면 잠깐 피했다가 보호막이 사라지고 나서 교전을 시작하세요.', '다이애나는 달빛 적용 전에도 월광 쇄도를 사용해 매우 공격적인 플레이를 펼칠 수 있습니다. 이럴 땐 다시 유리한 위치를 잡을 수 없도록 둔화나 기절을 걸어 반격하세요.'","초승달 검기를 잘 맞히는 것이 매우 중요하지만, 적중시키지 못해도 적극적으로 사용하세요. 재사용 대기시간이 짧고 마나 소모량도 적기 때문입니다.', '월광 쇄도를 달빛이 없는 상태에서 사용할지, 초승달 검기를 사용할 수 있을 때까지 기다릴지 상황에 따라 잘 판단하세요.', '달빛 낙하와 월광 쇄도를 활용해 적을 붙들고, 서늘한 달빛 검 효과로 추가 피해를 입히세요.'",다이애나
드레이븐,Draven,119,https://opgg-static.akamaized.net/meta/images/lol/champion/Draven.png,"드레이븐의 회전 도끼가 떨어질 위치 쪽으로 스킬 공격을 사용하는 것이 좋습니다.', '드레이븐이 도끼를 다시 받을 수 없도록 방해하면, 드레이븐의 위력이 대폭 감소합니다.'","회전 도끼 스킬을 사용한 후 드레이븐이 움직이지 않으면 현재 위치나 오른쪽, 또는 왼쪽 근처로 도끼가 떨어집니다.', '스킬 사용 후 드레이븐이 이동하면 그 방향으로 회전 도끼가 미리 가게 되므로, 이를 이용하여 회전 도끼의 궤적을 제어할 수 있습니다.'",드레이븐
라이즈,Ryze,13,https://opgg-static.akamaized.net/meta/images/lol/champion/Ryze.png,"전이 표식이 남아 있다면 라이즈를 특히 조심해야 합니다.', '공간 왜곡이 마무리되는 시간을 확인하면 차원문으로 순간이동해 오는 적에게 대응하는 데 도움이 됩니다.', '공간 왜곡이 마무리되려 할 때 라이즈에게 군중 제어 스킬을 쓰면 차원문이 취소됩니다.'","과부하의 기본 지속 효과를 활용하면 피해량이나 이동 속도를 극대화시킬 수 있습니다.', '주문 전이는 재사용 대기시간이 짧기 때문에 많은 대상에게 전이 표식을 남길 수 있습니다.', '공간 왜곡 사용 후 차원문이 닫히기 전까지 자유롭게 이동하거나 스킬을 써도 공간 왜곡이 취소되지 않습니다.'",라이즈
라칸,Rakan,497,https://opgg-static.akamaized.net/meta/images/lol/champion/Rakan.png,"라칸의 이동 스킬은 모두 착지 지점을 미리 확인할 수 있으니 이 점을 활용하세요.', '라칸을 상대할 때는 빠르게 군중 제어 스킬을 사용할 수 있는 챔피언이 특히 유리합니다.', '라칸은 주위에 아군이 없으면 기동력이 크게 떨어집니다. 혼자 있을 때를 노리세요.'","라칸은 모든 스킬을 잘 활용하려면 근처에 아군이 함께 있어야 합니다.', '라칸은 이동 속도가 증가하면 도약 속도도 증가합니다. 적을 깜짝 놀라게 해 보세요.', '위험해 보이는 상황도 충분히 즐길 수 있는 게 라칸입니다.'",라칸
람머스,Rammus,33,https://opgg-static.akamaized.net/meta/images/lol/champion/Rammus.png,"람머스의 몸 말아 웅크리기가 풀릴 때를 유심히 관찰하십시오. 람머스가 태세를 취하지 않고 있을 때는 일반 탱커보다 기본 능력치가 훨씬 낮습니다.', '람머스는 방어력 위주의 아이템을 장착하는 경우가 흔하므로 몸 말아 웅크리기를 하지 않을 때는 마법 공격에 특히 취약합니다.'","대회전은 탈출 수단으로도 사용할 수 있습니다.', '아군의 포탑 근처에 있는 적 챔피언에게 도발을 사용하면 포탑이 해당 챔피언을 공격합니다.', '게임 후반에는 지진, 몸 말아 웅크리기 스킬을 활용하여 포탑을 손쉽게 파괴할 수 있습니다. 팀 전투에서 제대로 활약할 수 없다면 팀과 별도로 행동하여 포탑을 공략하는 것도 좋은 생각입니다.'",람머스
럭스,Lux,99,https://opgg-static.akamaized.net/meta/images/lol/champion/Lux.png,"럭스는 강력한 광역 군중 제어기를 자랑하는 챔피언입니다. 가능하다면 사방으로 넓게 퍼져 싸우십시오.', '체력이 낮은 상태에서 후퇴할 때는 럭스의 최후의 섬광 스킬을 조심하십시오. 붉은 조준용 빛이 먼저 나타나므로 미리 옆으로 피하십시오.'","럭스는 시야 밝히기, 범위 둔화 스킬 등 일정한 지역에 영향을 끼치는 데 유리한 챔피언입니다. 적의 돌진 또는 탈출을 막으려면 광휘의 특이점 스킬을 사용하십시오.', '프리즘 보호막 사용이 어려운 경우 보호막은 최대 사거리에 도달하면 다시 캐릭터에게 돌아온다는 사실을 참고하십시오. 보호막이 돌아올 때 아군을 맞힐 수 있도록 이동하십시오.', '광휘의 특이점 스킬은 정찰에도 유용합니다. 수풀로 들어가기 전에 이 스킬을 사용하여 적의 유무를 확인할 수 있습니다.'",럭스
럼블,Rumble,68,https://opgg-static.akamaized.net/meta/images/lol/champion/Rumble.png,"럼블의 열기 게이지를 주의 깊게 살피십시오. 과열 상태가 되어 스킬을 쓸 수 없는 상태가 되면 가까이 다가가 처치하십시오.', '럼블의 궁극기는 영향 지역 안에 있는 유닛에게 큰 피해를 줄 수 있습니다. 미사일이 떨어지는 게 보이면 최대한 빨리 대피하십시오.', '럼블의 스킬은 거의 대부분 마법 피해입니다. 큰 피해를 방지하려면 마법 저항력을 높이십시오.'","위험 상태 효과를 유지하면 스킬의 효율을 높일 수 있습니다. 하지만 스킬을 연달아 사용하면 쉽게 과열 상태가 됩니다.', '목표가 화염방사기 발사 거리에서 벗어나지 않도록 하십시오. 오랜 시간에 걸쳐 큰 피해를 입힐 수 있습니다.', '전투에서 이기고 있다면 궁극기를 사용하여 적의 탈출로를 막으십시오.'",럼블
레나타 글라스크,Renata,888,https://opgg-static.akamaized.net/meta/images/lol/champion/Renata.png,,,레나타 글라스크
레넥톤,Renekton,58,https://opgg-static.akamaized.net/meta/images/lol/champion/Renekton.png,"레넥톤의 분노 게이지를 주의 깊게 살피면 언제 공격할지 대강 짐작할 수 있습니다.', '레넥톤은 싸우지 못할 경우 분노 게이지를 채우기 어렵습니다. 이 경우 레넥톤 스킬의 효과가 크게 저하됩니다.'","자르고 토막내기는 적을 견제하며 괴롭힐 때 좋은 스킬입니다. 찌르며 들어가 다른 스킬을 사용한 뒤 다시 안전한 곳으로 물러날 수 있기 때문입니다.', '적이 많을 때 양떼 도륙 스킬을 사용할 경우 대량의 체력을 회복합니다. 이것을 미끼로 약한 척 행세하며 적을 유인할 수 있습니다.', '재사용 대기시간 감소 효과는 레넥톤의 분노를 빠르게 늘릴 수 있게 해줍니다.'",레넥톤
레오나,Leona,89,https://opgg-static.akamaized.net/meta/images/lol/champion/Leona.png,"레오나가 일식을 사용하면 피해를 받기 전에 3초 동안 도망칠 시간이 있습니다.', '흑점 폭발의 한가운데 있는 적만 기절하므로 빠르게 이동하면 이를 피할 수 있습니다.'","최전선에서 목표 적을 먼저 공격해 햇빛 효과를 받도록 한 후 아군이 해당 적을 집중 공격하도록 하십시오.', '여명의 방패와 천공의 검은 궁합이 잘 맞습니다.', '일식을 사용하여 대량의 피해를 흡수할 수 있지만 유지 시간을 늘이려면 일식 스킬이 적에게 피해를 줄 때 적 근처에 있어야 합니다.'",레오나
렉사이,RekSai,421,https://opgg-static.akamaized.net/meta/images/lol/champion/RekSai.png,"렉사이의 땅굴이 보이면 입구 위에 잠깐 서서 파괴하세요.', '렉사이의 성난 이빨 스킬은 분노가 상승할수록 피해량도 커집니다. 렉사이의 분노가 최대치일 때는 특히 주의하세요.', '렉사이 근처에 있을 때 움직이면 자신과 아군의 위치가 발각됩니다.'","땅굴을 맵 전역에 분산시켜두면 공허의 돌진 스킬에 유용하게 활용할 수 있습니다.', '맵에서 이동하기 전에 매복을 시전하여 이동 속도 증가 효과를 받는 동시에 진동 감지의 이득도 챙기세요.', '진동 감지 효과는 적들이 다가올 때 경고가 뜨므로, 적진으로 들어갈 때 특히 유용합니다.'",렉사이
렐,Rell,526,https://opgg-static.akamaized.net/meta/images/lol/champion/Rell.png,,,렐
렝가,Rengar,107,https://opgg-static.akamaized.net/meta/images/lol/champion/Rengar.png,"렝가는 야성 게이지가 가득 차면 강화된 스킬을 사용하므로, 야성 게이지가 낮을 때 맞서 싸우세요.', '기본 지속 효과로 인해 렝가는 수풀 속에서 도약 공격을 할 수 있습니다. 수풀 근처에서는 가능한 한 교전을 피하는 것이 좋습니다.', '렝가는 궁극기로 위장 상태에 들어갔을 때는 가장 가까운 적 챔피언의 위치를 확인할 수 있습니다.'","렝가의 궁극기는 팀간 전투나 소규모 교전에서 1순위 제거 대상을 찾아내 암살하는 데 사용하세요.', '렝가의 효율은 강화된 스킬을 상황에 맞춰 사용하는 데에서 결정됩니다. 잘 선택해 강화하세요!', '적을 추적할 때는 반드시 수풀을 통과하여, 기본 지속 효과를 최대한 활용하세요.'",렝가
루시안,Lucian,236,https://opgg-static.akamaized.net/meta/images/lol/champion/Lucian.png,"루시안은 순간 화력이 강한 대신 지속 피해량은 작은 편입니다.', '루시안은 빛의 심판을 발사하는 방향을 바꿀 수 없습니다. 이 점을 활용하여 총알이 날아올 각도를 벗어나세요.', '꿰뚫는 빛을 써도 루시안의 공격 사거리는 늘어나지 않습니다. 이 스킬은 최초에 맞힐 대상이 사거리 내에 있어야 사용할 수 있으므로, 루시안이 공격할 각도를 예측해서 피하세요.'","순간 화력을 극대화하려면 끈질긴 추격과 꿰뚫는 빛을 연계하세요.', '타는 불길은 별 모양으로 폭발합니다. 별의 뿔 부분이 적 챔피언들에게 적중하도록 잘 맞히세요.', '빛의 심판 스킬의 방향은 한 번 정한 다음에는 바꿀 수 없습니다. 잘 판단하세요!', '빛의 사수 효과 때문에 루시안은 공격 속도보다는 공격력을 올리는 편이 훨씬 유리합니다.'",루시안
룰루,Lulu,117,https://opgg-static.akamaized.net/meta/images/lol/champion/Lulu.png,"룰루의 요정 친구가 가하는 공격은 중간에서 남이 대신 막을 수 있습니다. 미니언 뒤에 숨어 요정의 추가 공격을 피하세요.', '룰루는 적들이 총공세를 퍼부을 때 특히 대처를 잘하므로 주의하세요! 룰루와 요정을 공격로에서 밀어내려 하기보단 큰 혼란을 줄 수 있는 전술을 사용하세요.'","반짝반짝 창은 현재 커서 위치에 따라 각도가 틀어질 수 있습니다. 픽스와 룰루에 커서를 가까이 가져가면 스킬 효과 범위가 상당히 변하게 됩니다.', '도와줘, 픽스!는 픽스가 공격력을 추가해 주도록 원거리 챔피언에게, 급성장은 방어 담당 혹은 전사에게 사용하면 더욱 강력한 전투 개시가 가능해집니다.'",룰루
르블랑,Leblanc,7,https://opgg-static.akamaized.net/meta/images/lol/champion/Leblanc.png,"르블랑은 궁극기로 옆에 환영을 불러내 함께 스킬을 사용할 수도 있고, 멀리 떨어진 곳에 환영을 소환할 수도 있습니다.', '멀리 떨어진 곳에 환영이 나타난다면 가장 가까운 챔피언에게 다가가 스킬을 사용한 뒤 바로 사라집니다. 이 경우 스킬은 피해를 입히지 않습니다.', '르블랑이 돌진 스킬인 왜곡을 이미 사용한 후 공격하면 위험한 상황을 피할 수 있습니다.', '르블랑에게 기절 혹은 침묵 스킬을 사용하면 왜곡 스킬을 재사용해 돌아가지 못하게 할 수 있습니다.'","왜곡을 다른 스킬과 함께 사용하면 공격적인 플레이 후에 안전한 위치로 돌아올 수 있습니다.', '왜곡을 사용하면 환영 사슬을 보다 쉽게 맞힐 수 있습니다.', '악의의 인장과 환영 사슬을 연계하여 최대 4초 동안 점멸 주문이 있는 적 챔피언이 탈출할 수 없도록 막을 수 있습니다.'",르블랑
리 신,LeeSin,64,https://opgg-static.akamaized.net/meta/images/lol/champion/LeeSin.png,"리 신의 궁극기인 용의 분노로 받는 피해를 최소화하려면 유닛을 분산시키십시오.', '리 신은 강철의 의지나 무력화 같은 강력한 스킬로 물리 피해에 대항할 수 있지만 마법 피해에는 취약합니다.', '리 신은 연속기 의존도가 매우 높습니다. 방해 스킬을 이용해서 그가 연속으로 스킬을 사용하거나 공격하지 못하도록 하십시오.'","용의 분노를 쓰기 전에 음파를 사용하면 공명의 일격으로 대상을 쫓아갈 수 있습니다.', '스킬을 시전하는 사이사이에 기본 공격을 끼워 넣는 방식으로 질풍격 효과를 볼 수 있습니다. 적에게 줄 수 있는 피해가 더욱 올라가는 반면 기력 소모량은 더욱 줄일 수 있습니다.', '자신에게 방호를 시전하고 강철의 의지를 사용하면 정글에 있는 중립 몬스터를 쉽게 해치울 수 있습니다.'",리 신
리븐,Riven,92,https://opgg-static.akamaized.net/meta/images/lol/champion/Riven.png,"리븐은 기동력이 매우 뛰어난 챔피언이지만 스킬 하나만 가지고는 멀리 움직일 수 없습니다. 스킬 연계 중 이동 불가 효과나 침묵 효과가 있는 스킬을 사용하면 리븐의 기동력을 크게 저하시킬 수 있습니다.', '리븐이 가하는 피해는 전부 물리 피해입니다. 적 리븐을 도저히 막을 수 없겠다 싶으면 방어력을 최우선으로 올리세요.', '리븐은 광역 스킬이 많으므로, 리븐이 대부분의 스킬을 사용할 수 없는 상태가 아닌 한 다 같이 들어가지 마세요.'","리븐의 부러진 날개 스킬은 마우스 커서가 올려져 있는 챔피언을 대상으로 합니다. 만약 적 챔피언 너머로 이동하고 싶다면 적 챔피언 앞쪽에 커서를 가져다 두십시오.', '리븐은 치료 효과, 방어 효과를 가진 스킬이 부족하기 때문에 반드시 스킬 연계로 순간 화력을 뽑아내야 합니다. 부러진 날개와 기 폭발 스킬을 이용하여 전투에 진입한 뒤 용맹 스킬을 사용하여 전장에서 벗어나며 피해를 방어하십시오.'",리븐
리산드라,Lissandra,127,https://opgg-static.akamaized.net/meta/images/lol/champion/Lissandra.png,"리산드라가 얼음갈퀴 길을 활용해 이동하지 못하도록 막으려면, 이 스킬을 재시전하기 전에 이동 불가 효과를 거는 게 좋습니다.', '리산드라의 서릿발 스킬은 초반에 재사용 대기시간이 깁니다. 재사용 대기가 끝나기 전에 전투를 벌이도록 하세요.', '리산드라의 얼음 파편은 처음 맞히는 유닛에게만 둔화를 겁니다. 아군 미니언 뒤에서 리산드라에게 접근하면 둔화를 피할 수 있습니다.'","자기 자신에게 시전 키와 궁극기 키를 함께 누르면 궁극기 얼음 무덤을 즉시 자신에게 걸 수 있습니다. (기본 지정: alt+R)', '얼음갈퀴 길을 시전한 다음 반대편으로 달려가서 적들이 이동 방향을 쉽게 예측할 수 없게 하세요.', '리산드라의 스킬들은 다른 마법사들에 비해 사거리가 짧습니다. 따라서 피해량과 생존력을 둘 다 놓치지 않게끔 존야의 모래시계와 밴시의 장막 같이 주문력과 방어력을 다 올려주는 아이템을 사는 편이 좋습니다.'",리산드라
릴리아,Lillia,876,https://opgg-static.akamaized.net/meta/images/lol/champion/Lillia.png,,,릴리아
마스터 이,MasterYi,11,https://opgg-static.akamaized.net/meta/images/lol/champion/MasterYi.png,"마스터 이가 쓰는 명상은 피해를 치료하는 능력이 뛰어나지만, 초반 아군의 조직적인 기습에는 취약합니다.', '마스터 이가 일격 필살로 미니언을 사냥하려 하면, 수 차례 공격하여 명상으로 마나를 소비하도록 유도하십시오.', '마스터 이가 최후의 전사를 사용할 때에는 둔화 스킬이 소용이 없으니 기절 등 다른 방해 효과가 있는 스킬을 사용하십시오.'","원거리형 챔피언과 대치할 경우, 명상 레벨을 올리면 보다 오랫동안 공격로에서 버틸 수 있습니다.', '우주류 검술은 게임 초반 미니언 결정타를 날릴 때 유용합니다.', '적 챔피언 앞에 있는 미니언에게 일격 필살을 사용하면 스킬이 끝날 때 안전한 위치에 있을 수 있습니다.'",마스터 이
마오카이,Maokai,57,https://opgg-static.akamaized.net/meta/images/lol/champion/Maokai.png,"묘목은 처음으로 사거리 안에 들어온 적을 추격하며, 몇 초가 지나거나 다른 적에 닿으면 폭발합니다. 특히 수풀에 있는 묘목은 효과가 더 강력하니 반드시 조심하세요.', '마오카이의 체력 회복 재사용 대기시간은 스킬에 맞을 때마다 짧아지니 상황에 따라서는 마오카이에게 스킬을 허비하지 않는 게 좋습니다.', '마오카이가 뒤틀린 전진을 쓰는 동안에는 피해를 입지 않으므로 스킬이나 주문을 낭비하지 마세요.'","묘목을 수풀에 던지면 효과가 향상되지만 잘 쌓이지는 않습니다.', '대자연의 마수는 적이 도저히 피할 수 없는 상황에서 쓰거나 기습할 때 사용하면 좋습니다.', '마오카이는 기본 지속 효과 덕분에 기본 공격만 꾸준히 할 수 있다면 적이 스킬을 마구 퍼부어도 잘 버틸 수 있습니다.'",마오카이
말자하,Malzahar,90,https://opgg-static.akamaized.net/meta/images/lol/champion/Malzahar.png,"말자하가 재앙의 환상에 걸린 대상에게 스킬을 적중시키면 환상이 다시 시작됩니다.', '재앙의 환상에 걸린 미니언들에게 가까이 가지 마십시오. 이들이 언제 죽어 재앙의 환상을 플레이어에게 옮길지 알 수 없기 때문입니다.', '공허의 무리가 불어난 말자하는 매우 위험한 상대입니다.'","공허충이 공격하거나 처치할 수 있는 적이 근처에 있을 때 공허의 무리를 사용하세요.', '공허의 부름과 황천의 손아귀를 사용하면 적에게 걸린 재앙의 환상 지속시간이 초기화됩니다.', '공격로에서 피해를 입지 않으면 공허 태세의 지속시간이 길어져 굉장히 안전하게 플레이할 수 있습니다.'",말자하
말파이트,Malphite,54,https://opgg-static.akamaized.net/meta/images/lol/champion/Malphite.png,"물리 피해 위주의 챔피언이라면 말파이트와 싸울 때에는 아군 뒤로 피하십시오. 지면 강타에 당하면 가할 수 있는 피해량이 현저하게 감소하기 때문입니다.', '말파이트는 정글링이 가능한 탱커 중 하나입니다. 말파이트에게 강타 주문이 있을 경우 주의하십시오.'","방어력은 화강암 방패를 뚫고 들어오는 피해를 줄여주므로, 난폭한 일격은 적이 가하는 물리 피해에 대한 방어막을 강화해줍니다.', '말파이트의 스킬은 높은 방어력을 기반으로 위력이 증가하지만, 일부 게임에서는 마법 저항력을 올려야 하기도 합니다. 이럴 경우 군단의 방패, 헤르메스의 발걸음, 수호 천사를 구매하십시오.'",말파이트
모데카이저,Mordekaiser,82,https://opgg-static.akamaized.net/meta/images/lol/champion/Mordekaiser.png,"모데카이저는 챔피언과 전투 시 강력한 피해를 주는 오오라를 충전합니다. 그러니 거리를 유지하세요.', '모데카이저가 입히는 피해는 강력한 보호막으로 전환되며, 보호막을 흡수해 체력을 회복할 수도 있습니다.', '죽음의 세계 스킬에 당하면 아군으로부터 완전히 단절되므로 이동 주문을 아껴두었다가 모데카이저에게서 도망치는 데 사용하세요.'","공격이 곧 방어입니다. 전투를 계속해 불멸 보호막을 더 많이 충전하세요.', '같은 스킬을 여러 챔피언에게 적중시키면 암흑 탄생을 더 빠르게 활성화할 수 있습니다.', '체력이 낮은 적을 죽음의 세계로 처치하고 훔친 능력치를 남은 팀 전투에 활용하세요.'",모데카이저
모르가나,Morgana,25,https://opgg-static.akamaized.net/meta/images/lol/champion/Morgana.png,"고통의 그림자 스킬은 체력이 대폭 떨어진 유닛에게 큰 피해를 입힙니다. 체력이 낮을 때는 모르가나의 사거리 안에 갇히지 않도록 주의하세요.', '모르가나는 효과적인 연계 공격을 위해서 어둠의 속박으로 적의 발부터 묶을 때가 많습니다. 미니언을 방패로 삼아 어둠의 속박을 피하십시오.', '모르가나가 칠흑의 방패를 사용하면 방해 효과에 면역이 되지만 이 방패는 마법 피해를 가해 부술 수 있습니다.'","칠흑의 방패를 잘 활용하면 팀 전투의 결과를 바꿀 수도 있습니다.', '생존력을 높여주는 아이템을 갖추고 칠흑의 방패와 영혼의 족쇄 스킬을 사용하면 모르가나를 죽이기 매우 힘들게 됩니다.', '공격로에 혼자 있다면 고통의 그림자 스킬로 다수의 미니언을 손쉽게 사냥할 수 있습니다.'",모르가나
문도 박사,DrMundo,36,https://opgg-static.akamaized.net/meta/images/lol/champion/DrMundo.png,"문도 박사가 궁극기를 사용하고 나면 그 즉시 아군들과 함께 협력하여 공격하십시오. 만에 하나 문도 박사를 신속하게 쓰러뜨리지 못하면 문도 박사의 체력이 입은 피해 이상으로 회복되기 때문입니다.', '문도 박사가 가학증 스킬을 사용하려고 할 때 소환사 주문 점화를 사용하여 체력 회복을 막으십시오.'","가학증을 시기 적절하게 사용하면 적 챔피언이 자신의 불리한 처지도 잊고 덤벼들게 할 수 있습니다.', '정령의 형상은 궁극기에서 얻는 치료 효과를 높이고 다른 스킬의 재사용 대기시간을 줄여줍니다.', '칠흑의 양날도끼는 중립 몬스터를 제거하는 데 효과적인 무기입니다. 본진으로 돌아가기 보다는 중립 몬스터를 제거하며 궁극기로 체력을 회복하십시오.'",문도 박사
미스 포츈,MissFortune,21,https://opgg-static.akamaized.net/meta/images/lol/champion/MissFortune.png,"미스 포츈의 이동 속도 증가 효과는 피해를 입으면 사라집니다.', '미스 포츈은 접근만 할 수 있다면 매우 쉬운 상대이므로, 팀 전투 시 가장 먼저 공략하십시오.'","미스 포츈은 얼마 동안 피해를 입지 않으면 이동 속도가 점점 올라갑니다. 빨리 이동하려면 공격받는 걸 피하십시오.', '적 챔피언이 미니언 뒤에 숨어 있다면 가장 멀리 있는 미니언에게 한 발에 두 놈을 사용하여 그 뒤에 있는 챔피언에게 큰 피해를 줄 수 있습니다.', '활보가 재사용 대기 중일 때는 사랑의 한 방을 활용해 활보의 재사용 대기시간을 줄일 수 있습니다.'",미스 포츈
밀리오,Milio,902,https://opgg-static.akamaized.net/meta/images/lol/champion/Milio.png,,,밀리오
바드,Bard,432,https://opgg-static.akamaized.net/meta/images/lol/champion/Bard.png,"바드의 상대 팀 챔피언도 신비한 차원문으로 이동할 수 있습니다. 안전할 것 같으면 바드를 따라 차원문에 뛰어드세요.', '바드의 체력 회복 성소는 살짝 밟기만 하면 파괴됩니다. 바드의 팀원들이 손쉽게 체력을 회복하도록 두지 마세요.', '바드의 궁극기 운명의 소용돌이는 아군, 적군,몬스터, 포탑 모두에게 영향을 미칩니다. 때에 따라 일부러 스킬 범위 안으로 뛰어드는 게 더 유리할 수도 있습니다!'","고대의 종을 모아서 정령 공격을 강화하는 것도 중요하지만, 공격로 파트너를 너무 혼자 둬도 안 됩니다! 신비한 차원문으로 통로를 만들어서 아군을 더 데리고 공격로로 돌아오는 것도 좋겠군요.', '수호자의 성소는 설치한 후 충전될 시간을 주세요. 완전히 충전됐을 때 체력이 훨씬 더 많이 회복됩니다.', '주의하세요. 신비한 차원문은 적군도 이용할 수 있고, 궁극기는 아군도 함께 정지시킵니다!'",바드
바루스,Varus,110,https://opgg-static.akamaized.net/meta/images/lol/champion/Varus.png,"역병에 감염된 경우 바루스의 스킬 공격으로 추가 피해를 입을 수 있습니다.', '적을 처치하거나 어시스트를 올리면 잠시 바루스의 공격 속도가 상승해 훨씬 위협적이 됩니다.', '바루스의 궁극기 부패의 사슬에 닿으면 그 자리에 속박됩니다. 하지만 멀리 달아나면 촉수는 죽습니다.'","초반에 역병 화살에 투자하면 적 챔피언을 견제하고 미니언에게 최후의 일격을 가하기 쉽습니다.', '단거리 교전 시 꿰뚫는 화살을 사용하려면, 시간을 들여 위력을 높이기보다 빠르게 발사하는 편이 좋습니다.', '꿰뚫는 화살은 사거리가 매우 길기 때문에, 교전 시작 전에 적 챔피언들을 저격하거나 달아나는 적을 처리하는 데 활용하세요.'",바루스
바이,Vi,254,https://opgg-static.akamaized.net/meta/images/lol/champion/Vi.png,"금고 부수기가 완전히 충전되면 피해량이 두 배가 됩니다. 바이가 충전을 시작하면 후퇴하거나 공격을 피해야만 합니다.', '바이에게 세 번 연속으로 맞으면 방어구가 갈라지고, 바이의 공격 속도가 상승합니다. 바이를 상대할 때는 싸움이 길어지지 않도록 중간에 끊어 주세요.', '바이가 궁극기를 쓸 땐 멈출 수 없으니 주의하세요. 바이가 돌진을 마칠 때까지 위치 이동 효과는 아껴두세요.'","금고 부수기가 완전히 충전되면 피해량이 두 배가 됩니다. 달아나는 적을 잡아서 최후의 일격을 날릴 때 사용하면 좋습니다.', '끈질긴 힘의 충격파에 걸리는 적은 모두 100%의 피해를 입습니다. 미니언 뒤에 적이 숨어 있을 때 사용하세요.', '정지 명령은 전투 개시에 좋은 스킬입니다. 다만 아군보다 너무 앞서 가지 않도록 주의하세요.'",바이
베이가,Veigar,45,https://opgg-static.akamaized.net/meta/images/lol/champion/Veigar.png,"암흑 물질 스킬은 매우 높은 피해를 입히지만 피할 수 있습니다. 주의를 기울여 주문이 언제, 어디에 명중할지 확인하십시오.', '사건의 지평선 스킬은 항상 가장자리에 있는 유닛만을 기절시킵니다. 스킬 영역 안에 있다면 계속 움직이고 공격할 수 있습니다.', '베이가의 궁극기는 잃은 체력에 비례하여 피해를 입힙니다.'","사건의 지평선 스킬을 사용하여 암흑 물질을 확실히 맞힐 수 있습니다.', '마나 및 재사용 대기시간 감소 아이템 위주로 구매해 기본 지속 효과와 사악한 일격 스킬의 효과를 극대화해 보세요.', '베이가는 체력이 매우 낮습니다. 점멸같은 주문을 적어도 하나는 사용해 방어용으로 쓰도록 하십시오.'",베이가
베인,Vayne,67,https://opgg-static.akamaized.net/meta/images/lol/champion/Vayne.png,"베인은 체력이 약한 편이므로 몇 번 견제해 주면 조심스럽게 게임을 운용할 것입니다.', '베인을 상대로 구석에 몰리지 마십시오.'","구르기는 다양한 용도로 사용할 수 있지만 벽을 뚫고 지날 수는 없습니다.', '선고는 대상을 벽에 밀어붙여 죽이거나 적에게서 탈출할 때 사용할 수 있습니다.', '대규모 접전에서는 다른 팀원이 먼저 전투를 시작할 때까지 기다리십시오.'",베인
벡스,Vex,711,https://opgg-static.akamaized.net/meta/images/lol/champion/Vex.png,,,벡스
벨베스,Belveth,200,https://opgg-static.akamaized.net/meta/images/lol/champion/Belveth.png,,,벨베스
벨코즈,Velkoz,161,https://opgg-static.akamaized.net/meta/images/lol/champion/Velkoz.png,"벨코즈는 전투에서 혼자 남겨지게 되면 매우 위험한 존재가 됩니다. 초반에 먼저 집중 공격해서 처치하세요.', '벨코즈는 기동력이 상당히 낮아 급습에 취약합니다.', '생물 분해 광선은 기절, 침묵, 띄우기로 막을 수 있습니다.'","공격로 대치 단계에서 공허 균열을 사용하면 미니언을 처치하면서 적 챔피언에게 유기물 분해 중첩까지 쌓을 수 있습니다. 그 다음 다른 스킬을 연계하세요.', '플라즈마 분열을 대각선으로 발사해 최대 사거리에서 갈라지게 하면 최초 투사체의 사거리 밖에 있는 적을 맞힐 수 있습니다. 대신 후퇴하기는 더 까다롭습니다.', '생물 분해 광선을 사용할 때는 이 스킬을 끊을 수 있는 스킬을 가진 챔피언이 많으므로 매우 주의하셔야 합니다.'",벨코즈
볼리베어,Volibear,106,https://opgg-static.akamaized.net/meta/images/lol/champion/Volibear.png,,,볼리베어
브라움,Braum,201,https://opgg-static.akamaized.net/meta/images/lol/champion/Braum.png,"브라움은 동상 스킬 혹은 기본 공격을 맞혀야만 뇌진탕 펀치 중첩을 시작할 수 있습니다. 일단 뇌진탕 표식이 생긴 후 3번 더 맞으면 기절하게 되므로 빠르게 사거리 밖으로 나가세요.', '브라움의 궁극기는 시전 시간이 길기 때문에 그 동안 피할 수 있습니다. 얼어붙은 지면 궤적 위를 통과하면 둔화가 적용되니, 지나가지 않아도 되도록 미리 좋은 위치를 잡아 두세요.', '불굴 덕에 브라움은 한 방향 방어력이 강합니다. 지속시간이 끝날 때까지 기다리거나 사거리 밖에서 공격하세요.'","아군과 협동하여 뇌진탕 펀치 중첩을 쌓는 게 좋습니다. 아군에게 표식이 생긴 대상을 기본 공격하라고 알려주세요.', '불굴 스킬을 사용하면 방어력이 약한 아군 앞으로 도약하여 투사체 공격을 막아줄 수 있습니다.', '빙하 균열은 강력한 둔화 구역을 남깁니다. 팀간 전투 시 적들을 갈라놓고 다가오는 속도를 늦출 수 있는 위치에 사용하세요.'",브라움
브랜드,Brand,63,https://opgg-static.akamaized.net/meta/images/lol/champion/Brand.png,"브랜드가 스킬 연계를 사용하려면 반드시 스킬 한 가지를 적중시켜야 합니다. 불태우기 또는 화염 기둥을 회피하면 브랜드의 공격 흐름을 깨트릴 수 있습니다.', '브랜드가 파멸의 불덩이를 시전하면 아군들 곁에서 떨어지십시오. 발사체의 초기 속도는 느린 편이므로 아군이 반응할 수 있는 시간이 생깁니다.', '브랜드의 기본 지속 효과는 뭉쳐 있는 적을 공격할 때 매우 유용합니다. 브랜드를 상대할 때는 반드시 서로 떨어지세요.'","적 미니언에게 불을 붙여둔 후 발화 스킬을 의식하게 만들면 적 챔피언이 자기 편 미니언에게 다가가지 못하게 할 수 있습니다.', '브랜드의 스킬을 적절하게 조합하여 다양한 상황에서 피해를 최대화할 수 있습니다.', '파멸의 불덩이를 쓰면 적들 사이로 화염구가 무작위적으로 튕깁니다. 같은 적을 여러 번 맞히고 싶으면 소수의 적 그룹에게 스킬을 사용하는 것이 좋습니다.'",브랜드
블라디미르,Vladimir,8,https://opgg-static.akamaized.net/meta/images/lol/champion/Vladimir.png,"혈사병이 폭발하면 챔피언이 피해를 입을 때 마다 블라디미르의 체력이 회복되므로 그 전에 블라디미르를 처치해야 합니다.', '블라디미르가 전투 시작 시 피의 웅덩이를 사용하도록 만들면 이후 블라디미르는 스킬을 사용할 때 불리해집니다.', '블라디미르를 상대할 때에는 체력에 비례하여 지속적으로 피해를 입힐 수 있는 리안드리의 고통이나 몰락한 왕의 검을 사용하는 것이 좋습니다.'","수혈 스킬은 사용 즉시 피해를 가하므로 게임에 등장하는 최고의 결정타 스킬 중 하나입니다.', '최대한 많은 적을 감염시킬 수 있는 곳에 혈사병을 시전하십시오.', '피의 웅덩이는 방해 효과가 있는 스킬을 피하는 데 활용할 수 있습니다.'",블라디미르
블리츠크랭크,Blitzcrank,53,https://opgg-static.akamaized.net/meta/images/lol/champion/Blitzcrank.png,"블리츠크랭크의 기본 지속 효과 마나 보호막은 체력이 낮아지면 보호막을 씌워줍니다.', '미니언 뒤에 숨으면 로켓 손을 피할 수 있습니다. 블리츠크랭크의 로켓 손은 가장 처음 잡히는 적만 잡아당깁니다.'","로켓 손, 강철 주먹, 정전기장을 순서대로 사용하면 대상 적에게 치명적인 피해를 줄 수 있습니다.', '로켓 손에 아군 포탑 근처로 끌려온 적에게 강철 주먹 스킬을 사용하면 포탑이 적을 여러 대 가격할 수 있습니다.'",블리츠크랭크
비에고,Viego,234,https://opgg-static.akamaized.net/meta/images/lol/champion/Viego.png,,,비에고
빅토르,Viktor,112,https://opgg-static.akamaized.net/meta/images/lol/champion/Viktor.png,"빅토르와 너무 가까이 붙지 마세요. 빅토르는 적과 가까이 붙을수록 공격이 정확해집니다.', '현재 빅토르가 얼마나 많은 증강으로 업그레이드했는지 눈여겨보세요. 지팡이 끝의 색깔을 보고도 알 수 있습니다. (보라, 노랑, 파랑, 빨강)'","죽음의 광선은 매우 강력한 견제기입니다. 중력장과 함께 써서 적이 함부로 움직이지 못하게 하세요.', '증강은 적시에 잘 투자해야 합니다.'",빅토르
뽀삐,Poppy,78,https://opgg-static.akamaized.net/meta/images/lol/champion/Poppy.png,"뽀삐는 굳건한 태세를 이용해 근처에서 돌진하는 적을 막을 수 있습니다.', '뽀삐가 망치를 돌리는 건 궁극기를 위해 힘을 모으고 있다는 뜻입니다.', '방패를 밟으면 뽀삐가 다시 줍지 못하도록 파괴할 수 있습니다.'","강철의 외교관을 사용했을 때 던지는 방패는 보통 벽 옆에 떨어지므로 용감한 돌진 스킬을 연계하면 좋습니다.', '수호자의 심판은 힘을 모으지 않고도 사용할 수 있습니다. 1대1 상황에서 적에게 바로 수호자의 심판을 써서 밀어내 보세요.'",뽀삐
사미라,Samira,360,https://opgg-static.akamaized.net/meta/images/lol/champion/Samira.png,,,사미라
사이온,Sion,14,https://opgg-static.akamaized.net/meta/images/lol/champion/Sion.png,"사이온이 대량 학살 강타로 내리칠 때, 충전량을 미리 방출하게 하면 피해량을 줄일 수 있습니다.', '사이온이 죽은 다음에는 다시 유리한 위치를 잡아서 부활한 다음을 노리세요.'","멈출 수 없는 맹공 중에는 방향을 바꿀 수 있는 폭이 매우 좁으므로 직선 방향으로 사용하세요.', '학살자의 포효를 잘 사용하면 강력한 대량 학살 강타를 맞힐 수 있습니다.', '영혼의 용광로 효과에는 현재 남아있는 보호막의 체력이 표시되므로, 이 정보를 활용하여 폭발시킬 정확한 타이밍을 잡으세요.'",사이온
사일러스,Sylas,517,https://opgg-static.akamaized.net/meta/images/lol/champion/Sylas.png,"사일러스의 체력이 낮아도 방심하지 말고 국왕시해자 스킬을 조심하세요!', '사일러스가 궁극기를 강탈하지 못할 때 맞서 싸우세요.'","사일러스나 적의 체력이 낮아졌을 때 국왕시해자를 사용하면 최대 효과를 볼 수 있습니다.', '스킬 사이사이에 기본 공격을 사용하여 페트리사이트 폭발을 최대한 활용하세요.', '적의 궁극기를 잘 활용하면 새로운 방식으로 팀 전투를 벌일 수 있습니다.'",사일러스
샤코,Shaco,35,https://opgg-static.akamaized.net/meta/images/lol/champion/Shaco.png,"샤코가 게임 초반에 강세를 보이면 샤코가 갈만한 정글 캠프에 투명 와드를 설치하는 것도 나쁘지 않습니다.', '샤코가 전투를 시작하자마자 속임수를 사용했다면 재사용 대기시간 동안 도망칠 수 없습니다. 팀원들과 힘을 합쳐 재빨리 샤코부터 해치우십시오.'","속임수 스킬로 지형을 넘어가면 안정적으로 탈출할 수 있습니다.', '적중 시 발동 효과를 지닌 아이템을 구매하십시오. 환각 스킬 사용 시 분신도 영향을 받습니다.', '암습 스킬의 피해량은 무한의 대검같이 치명타 피해를 올려주는 아이템의 효과를 받아 상승합니다.'",샤코
세나,Senna,235,https://opgg-static.akamaized.net/meta/images/lol/champion/Senna.png,,,세나
세라핀,Seraphine,147,https://opgg-static.akamaized.net/meta/images/lol/champion/Seraphine.png,,,세라핀
세주아니,Sejuani,113,https://opgg-static.akamaized.net/meta/images/lol/champion/Sejuani.png,"혹한의 맹습과 빙하 감옥을 피하면 세주아니를 상대하기 쉽습니다.', '혹한의 서릿발 두 번째 공격은 피해량이 굉장히 크므로 꼭 피하세요.', '세주아니 팀의 근접 챔피언들도 서리 중첩을 입힐 수 있으므로 역시 주의해야 합니다.'","시전 시간이 있는 스킬을 방해하거나 도망가는 적을 추격할 때 혹한의 맹습을 사용해 보세요.', '아군 근접 챔피언도 함께 서리 중첩을 쌓을 수 있으니 아군의 공격 대상을 늘 확인하세요.', '빙하 감옥은 아군이 있을 때 활용할 수 있도록 아껴 두면 좋습니다.'",세주아니
세트,Sett,875,https://opgg-static.akamaized.net/meta/images/lol/champion/Sett.png,,,세트
소나,Sona,37,https://opgg-static.akamaized.net/meta/images/lol/champion/Sona.png,"소나를 만나면 산개해야 합니다. 단체로 춤을 추는 일이 없도록 하십시오.', '소나는 내버려두면 동료를 치료하기 때문에 가장 먼저 해치워야 합니다.'","소나의 오오라가 활성화되어 있을 때 아군에게 가까이 가서 적용해 주되, 적에게 잡히지 않게 주의하세요.', '크레센도는 중요한 순간을 위해 아껴두십시오.', '인내의 아리아를 잘 사용하면 생존력을 극대화할 수 있습니다.'",소나
소라카,Soraka,16,https://opgg-static.akamaized.net/meta/images/lol/champion/Soraka.png,"소라카가 아군을 치유하기 위해 전방으로 나올 때 공격을 집중하세요.', '소라카가 별의 균형을 견제기로 사용할 때는 긴 재사용 대기시간을 노리세요.', '소라카가 치유하는 아군보다는 소라카에게 직접 공격을 집중하는 편이 더 쉽습니다.'","소라카는 강력한 치료 능력으로 아군의 진격을 도와주는 강력한 아군입니다.', '아군에게 기원을 사용하면 멀리 떨어진 아군도 위험에서 구해낼 수 있습니다.', '별의 균형을 활용하여 일정 범위 안의 적들을 궁지에 몰아넣을 수 있습니다.'",소라카
쉔,Shen,98,https://opgg-static.akamaized.net/meta/images/lol/champion/Shen.png,"쉔의 도발을 피하고, 도발이 빗나가면 응징하세요.', '쉔이 6레벨이 되면 맵 전역에 활용할 수 있는 궁극기를 주의해야 합니다. 전황을 빠르게 뒤집을 수 있으니까요.'","아군 상황을 잘 살피고 있다가 순간이동으로 구해내세요.', '장기전에선 기력 챔피언이 마나 챔피언보다 유리하다는 것을 잘 활용하세요.'",쉔
쉬바나,Shyvana,102,https://opgg-static.akamaized.net/meta/images/lol/champion/Shyvana.png,"쉬바나의 위력은 공격적인 운영으로부터 나옵니다. 원거리 공격수처럼 한 대 치고 빠지는 식의 챔피언은 쉬바나를 쉽게 상대할 수 있습니다.', '쉬바나의 모든 스킬은 용 형상일 때 여러 명의 적에게 피해를 줍니다. 쉬바나를 상대할 때는 되도록 아군과 떨어지시기 바랍니다.', '쉬바나의 분노를 통해 궁극기 사용 가능 여부를 알 수 있습니다. 분노가 낮을 때 최대한 체력을 낮춰 두세요.'","쉬바나의 스킬은 전부 적 유닛을 공격할 때 위력이 강해집니다. 따라서 공격 속도를 높여주는 아이템이 효율이 좋습니다.', '화염 숨결 스킬을 사용하면 공격로에서 상대하기 까다로운 적을 만났을 때 유용합니다.', '연소 스킬은 정글 사냥에 최적입니다. 몬스터들은 연소 지속시간 동안 도망가지 않으며, 이동 속도 상승 효과는 기습에 효과적이기 때문입니다.', '얼어붙은 망치, 망자의 갑옷, 엔트로피 같이 둔화 효과를 가하는 아이템을 갖추는 게 좋습니다.'",쉬바나
스웨인,Swain,50,https://opgg-static.akamaized.net/meta/images/lol/champion/Swain.png,"스웨인의 기본 지속 효과 때문에 이동 불가 상태가 되면 위험합니다. 이동 불가 효과 스킬이 있는 적이 있다면 각별히 조심하는 게 좋습니다.', '죽음의 손길은 거리가 가까울수록 피해량이 커지고, 제국의 눈은 지연시간이 깁니다. 속박명령은 어느 순간에는 다시 스웨인에게 돌아갑니다. 그래서 스웨인을 상대할 때는 기동성이 높을수록 좋습니다.', '고통스러운 상처 효과가 있는 아이템을 구입하면 스웨인이 악의 승천을 사용중일 때 처치하기가 한결 수월해집니다.'","속박명령으로 적을 속박시키기 어렵다면 적이 미니언 근처에 있을 때 미니언에게 스킬을 사용해 폭발을 일으키고 그 폭발로 적을 속박시켜 보세요.', '공격로에서는 죽음의 손길 관통 피해를 이용해 안전하게 적을 공격해 보세요.', '제국의 눈을 바로 적중시키기는 어려우므로, 이미 전투가 일어나 어지러운 지역에 사용하거나 군중 제어 효과가 적용된 적에게 사용해 보세요.', '악의 승천을 사용하면 적이 스웨인을 죽이기 어려워지지만 스웨인으로부터 도망가기는 쉬워집니다. 기동력이 좋은 적을 상대할 때는 둔화 효과가 있는 아이템을 구입해 적이 빠져나가지 못하게 해 보세요.'",스웨인
스카너,Skarner,72,https://opgg-static.akamaized.net/meta/images/lol/champion/Skarner.png,"스카너는 상대에게 접근해야 큰 피해를 줄 수 있으므로 항상 거리를 벌리십시오!', '스카너의 이동 속도는 수정 외골격이 유지되는 동안 점점 높아지므로 공격하면서 그를 방해하십시오.', '스카너는 자기 팀의 수정 첨탑 지역 안에 있을 때 특히 위협적입니다. 이런 곳에서 교전이 벌어지기 전에 먼저 수정 첨탑을 점령해 보세요.'","기본 공격이 수정 베기의 재사용 대기시간을 줄여줍니다. 수정 베기 사이사이에 기본 공격을 추가하면 적에게 피해를 최대한 줄 수 있습니다.', '중립 목표물이나 대규모 교전이 일어나기 전에 근처 수정 첨탑을 점령해 두면 스카너의 위력이 엄청나게 커집니다.', '꿰뚫기를 사용하여 아군이 공격할 수 있는 위치로 적을 옮길 수 있습니다.'",스카너
시비르,Sivir,15,https://opgg-static.akamaized.net/meta/images/lol/champion/Sivir.png,"부메랑 검은 많은 마나를 소모하므로 빗나갈 경우 시비르에게도 치명적입니다. 만약 부메랑에 맞았을 경우, 되돌아 올 때 다시 맞지 않도록 피하십시오.', '시비르는 강력한 압박형 챔피언입니다. 시비르가 있는 공격로를 너무 오랫동안 내버려두면 포탑이 순식간에 파괴됩니다.', '마법사 챔피언일 경우 앞으로 나가 스킬을 쓰는 척하다가 빠지는 방식으로 주문 방어막을 낭비하게 해 보세요.'","시비르의 부메랑 검은 최대 사거리에 도달하면 다시 되돌아오므로 되돌아오는 위치를 계산하며 이동하여 적이 부메랑에 맞도록 유도할 수 있습니다.', '튕기는 부메랑 스킬은 시비르의 기본 공격 모션을 취소합니다. 기본 공격을 사용한 후 튕기는 부메랑 스킬을 사용하면 피해량을 최대화 할 수 있습니다.', '주문 방어막은 기절이나 속박 등 방해 효과가 있는 적 스킬에 대비하여 아껴 두세요.'",시비르
신 짜오,XinZhao,5,https://opgg-static.akamaized.net/meta/images/lol/champion/XinZhao.png,"신 짜오는 돌격 기술과 주변의 모든 유닛에게 큰 피해를 주는 궁극기가 있어 선제 공격에 강합니다. 신 짜오가 궁극기를 쓸 때까지는 진형을 최대한 넓게 펼치는 편이 좋습니다.', '신 짜오는 피해를 입히고 재사용 대기시간을 초기화시키는 삼조격에 크게 의존하기 때문에, 신 짜오가 연계기를 미처 끝내지 못하도록 방해한다면 큰 효과를 볼 수 있습니다.'","신 짜오는 전투를 시작하는 데 유용한 캐릭터입니다. 선두에서 싸움을 이끌고 궁극기로 적에게 최대한 큰 피해를 주십시오.', '좋은 위치를 선점하여 궁극기의 밀어내기를 효율적으로 사용할 수 있도록 하십시오.'",신 짜오
신드라,Syndra,134,https://opgg-static.akamaized.net/meta/images/lol/champion/Syndra.png,"신드라를 상대할 때는 스킬 공격을 피할 수 있게끔 신발을 일찍 사는 게 좋습니다.', '적군 와해는 재사용 대기시간이 깁니다. 신드라가 이 스킬을 사용하고 나면 취약해지니 바로 공격하세요.', '신드라의 스킬은 끝까지 올리면 추가 효과가 생기고 모양도 달라집니다.'","궁극기의 피해량을 극대화하려면 전장에 어둠 구체가 많이 떠 있을 때 사용하세요.', '의지의 힘으로 적 챔피언을 맞힌 다음에는 어둠 구체를 연계하세요. 이동 속도가 감소되므로 잘 피하지 못할 겁니다.', '스킬 중 하나는 초기에 5랭크까지 쭉 올리세요. 끝까지 올리면 강력한 추가 효과가 부여됩니다.'",신드라
신지드,Singed,27,https://opgg-static.akamaized.net/meta/images/lol/champion/Singed.png,"신지드의 동료가 있는 지역으로 내던져지지 않도록 거리를 유지하십시오.', '신지드는 플레이어의 팀에 접근해야 위력을 발휘합니다. 신지드의 이런 약점을 이용해서 신지드가 아군을 공격할 때 그에게 군중 제어 효과를 걸고 신지드의 동료를 공격하십시오.', '신지드는 제거하기가 어려울뿐더러 추격자에게 피해를 주기 위해 독의 길을 사용하기도 하므로 조심해야 합니다.'","신지드는 맹독의 자취를 사용하여 효과적으로 미니언을 제거하거나 적에게 피해를 가할 수 있습니다. 이는 공격로 관리에 매우 유용합니다.', '광기의 물약을 사용하여 적을 유인한 뒤 맹독의 자취를 사용하십시오.', '적에게 던져넘기기를 사용하여 아군 포탑 쪽으로 던져버리면 큰 피해를 입힐 수 있습니다. '",신지드
쓰레쉬,Thresh,412,https://opgg-static.akamaized.net/meta/images/lol/champion/Thresh.png,"쓰레쉬의 사형 선고는 시전 시간이 오래 걸립니다. 스킬 시전을 시작할 때 잘 지켜보다가 피하도록 하세요.', '체력이 약한 아군이 무사히 달아날 수 있게끔, 영혼 감옥의 벽 하나를 부숴 주세요.', '쓰레쉬는 방어력과 공격력 강화를 위해 영혼을 수집해야만 합니다. 영혼을 수집하러 움직일 때를 노려 공격을 퍼부으세요.'","쓰레쉬의 랜턴을 사용할 때에는 원활한 의사소통이 필수입니다. 아군에게 어떻게 쓸 것인지 알려 주세요.', '사형 선고와 사슬 채찍은 순서와 관계 없이 연계하여 시전하면 강력한 위력을 발휘합니다.', '쓰레쉬는 직접 처치하지 않은 영혼도 흡수할 수 있습니다. 사망 일보직전의 대상 근처에 있으면 영혼 흡수 효율이 극대화됩니다.'",쓰레쉬
아리,Ahri,103,https://opgg-static.akamaized.net/meta/images/lol/champion/Ahri.png,"아리는 궁극기 혼령 질주가 없으면 생존력이 극도로 낮아집니다.', '미니언 뒤에 숨어서 매혹 스킬을 쓰기 힘들게 만들면 아리가 제대로 피해를 줄 수 없습니다.'","스킬을 연속으로 쓸 때 매혹으로 시작하면 현혹의 구슬과 여우불의 적중률이 크게 올라갑니다.', '매혹을 사용해서 팀간 전투를 시작하고, 도망가는 적들은 혼령 질주로 처리하세요.', '혼령 질주를 쓰면 매혹을 맞히기 쉬워지고, 현혹의 구슬을 두 번 다 맞힐 수도 있으며, 거리를 좁혀 여우불을 사용하기도 쉬워집니다.'",아리
아무무,Amumu,32,https://opgg-static.akamaized.net/meta/images/lol/champion/Amumu.png,"아무무가 궁극기를 사용할 수 있다면 아군과 뭉쳐 있지 마십시오.', '예측불허의 행동을 하거나 미니언 뒤에 숨는 방법으로 아무무가 붕대 던지기를 쓰며 싸우기 어렵게 만드는 것 또한 효과적입니다.', '아무무가 절망을 사용하면 체력 아이템이 큰 효과를 보지 못합니다.'","아무무는 팀원들에 대한 의존도가 높습니다. 믿을 수 있는 아군과 함께 공격로에 나가십시오.', '재사용 대기시간 감소 효과는 아무무에게 매력적이지만 이를 아이템으로 모두 얻기에는 무리가 따릅니다. 가능할 때마다 푸른 파수꾼을 처치하여 공짜 재사용 대기시간 감소 효과를 얻으십시오.', '절망은 다른 방어 담당 챔피언을 상대로 매우 유용합니다. 체력이 가장 높은 적 가까이에서 싸우십시오.'",아무무
아우렐리온 솔,AurelionSol,136,https://opgg-static.akamaized.net/meta/images/lol/champion/AurelionSol.png,,,아우렐리온 솔
아이번,Ivern,427,https://opgg-static.akamaized.net/meta/images/lol/champion/Ivern.png,"아이번은 일부러 허술해 보이는 플레이를 할 수 있습니다. 너무 멀리 추격하지는 마세요.', '아이번의 수풀은 지속시간이 깁니다. 기습 공격을 조심하세요.', '혼자서 아이번을 상대할 때는 특별히 주의해야 합니다. 언제 데이지가 나타날지 모르니까요!'","덩굴뿌리를 이용해 적에게 다가간 아군에게는 보호의 씨앗으로 호응해 주세요!', '나중에 아군이 기습 공격을 할 것을 대비해 미리 수풀 가꾸기를 사용해 두세요.', '데이지는 적의 스킬 공격을 막고 둔화시킬 수 있습니다. 아군 대신 데이지가 공격당할 수 있게 해 보세요.'",아이번
아지르,Azir,268,https://opgg-static.akamaized.net/meta/images/lol/champion/Azir.png,"아지르는 공격력의 대부분을 모래 병사에 의존하며, 모래 병사를 자주 이동시킬 수 없습니다. 모래 병사가 고정되어 있는 시간을 최대한 이용하세요.', '아지르는 오랜 시간에 걸쳐 지속적으로 큰 피해를 입힐 수 있지만, 다른 마법사에 비해 순간 화력은 부족합니다. 교전 시 빠르게 아지르에게 화력을 집중하는 편이 좋습니다.', '모래 병사를 불이라고 생각하고, 불길 속에 서 있는 일을 피하세요.'","일어나라! 스킬로 병사를 둘 다 투입할 때는 주의하세요! 모든 것을 걸고 한 방을 노리는 순간이 아니라면, 하나를 아껴뒀다가 벽 뒤로 피할 때 사용하세요. 병사 하나의 위치를 잘못 잡았다 해도 나머지 하나로 좋은 위치에서 피해를 가할 수 있습니다.', '공격로 대치 단계에서는 병사들을 적 미니언과 적 챔피언 사이에 배치하세요. 이러면 최후의 일격을 놓치지 않으면서 적에게도 위협을 가할 수 있습니다.', '황제의 진영은 절대적인 방어 스킬로 여겨야 합니다. 적이 아군에게 팀간 전투를 개시할 때 사용하세요. 아군은 소환된 방패 병사를 통과할 수 있으므로, 적의 근접 챔피언들이 접근할 때 활용하면 좋습니다.', '새가 되어 보세요!'",아지르
아칼리,Akali,84,https://opgg-static.akamaized.net/meta/images/lol/champion/Akali.png,"아칼리는 황혼의 장막 안에 숨어도 광역 스킬에 영향을 받을 수 있습니다. 이 경우 잠시 동안 아칼리의 위치가 드러납니다.', '아칼리의 오연투척검은 기력이 가득 찼을 때 최대 사거리에서 사용해야 강력합니다. 공격을 주고받을 때 우위를 차지하려면 아칼리의 기력이 낮을 때 싸우세요.', '현재 체력이 낮고 아칼리가 궁극기를 사용할 수 있다면 기지로 귀환하세요.'","아칼리는 체력이 낮은 챔피언을 처치하는 데 뛰어납니다. 아군이 먼저 공격하기를 기다렸다가 뒤에서 기습하세요.', '황혼의 장막을 사용하면 아무리 위험한 상황에서도 몸을 숨길 수 있습니다. 황혼의 장막에서 기력을 모은 후 빠르게 기습하세요.'",아칼리
아크샨,Akshan,166,https://opgg-static.akamaized.net/meta/images/lol/champion/Akshan.png,,,아크샨
아트록스,Aatrox,266,https://opgg-static.akamaized.net/meta/images/lol/champion/Aatrox.png,"아트록스의 공격은 미리 표시되므로 공격이 예상되는 지역에서 벗어나세요.', '아트록스를 향해 이동하거나 양옆으로 이동하면 지옥사슬에서 더 쉽게 벗어날 수 있습니다.', '아트록스가 궁극기를 사용하면 부활하지 못하도록 거리를 유지하세요.'","공격 성공률을 높이려면 다르킨의 검을 사용하는 동안 파멸의 돌진을 사용하세요.', '지옥사슬 같은 군중 제어 스킬이나 아군의 이동 불가 효과를 통해 다르킨의 검을 쉽게 적중시킬 수 있습니다.', '전투를 시작할 준비가 되면 세계의 종결자를 사용하세요.'",아트록스
아펠리오스,Aphelios,523,https://opgg-static.akamaized.net/meta/images/lol/champion/Aphelios.png,아펠리오스의 다섯 가지 무기는 각각 약점을 지니고 있습니다. 자신의 챔피언이 가장 잘 상대할 수 있는 약점을 노려보세요. 보랏빛 중력포는 대상을 속박하니 조심해야 합니다.',아펠리오스의 다섯 가지 무기는 각각 장점을 지니고 있습니다. 상황에 맞게 무기를 활용해 보세요. ',아펠리오스
알리스타,Alistar,12,https://opgg-static.akamaized.net/meta/images/lol/champion/Alistar.png,"알리스타는 방해 효과 스킬을 많이 가지고 있지만 매우 튼튼합니다. 방어력이 약한 공격수를 목표로 삼으십시오.', '포탑 주변에 있을 때에는 분쇄/박치기 콤보를 조심하십시오.', '알리스타가 궁극기를 사용하면 그냥 뒤로 물러나 효과가 사라질 때까지 기다렸다가 공격하는 것이 좋습니다.'","분쇄를 사용하면 박치기를 사용하기 좋은 위치를 잡을 수 있습니다.', '알리스타에게는 이동 속도가 생명입니다. 어떤 신발을 구입할지 신중하게 생각하십시오.', '점멸로 방심한 적에게 접근해 분쇄/박치기 스킬 연계를 사용하면 적을 아군 쪽으로 던져버릴 수 있습니다.'",알리스타
애니,Annie,1,https://opgg-static.akamaized.net/meta/images/lol/champion/Annie.png,"애니가 소환하는 곰 티버는 주변의 적에게 피해를 줍니다. 티버가 소환되면 가능한 한 멀리 떨어져 있으십시오.', '소환사 주문 강타를 이용하면 티버를 제거하는데 도움이 됩니다.', '애니 주변에 백색 소용돌이가 생겼다면 주의하십시오. 애니가 사용하는 다음 스킬에 기절 효과가 붙습니다.'","기절 효과를 아껴두다가 중요할 때 궁극기와 연계하여 사용하십시오. 전황을 바꿔놓을 수도 있습니다.', '미니언에게 붕괴 스킬로 결정타를 날리면 게임 초반 빠른 성장을 기대할 수 있습니다.', '용암 방패는 애니의 기절 효과를 활성화하는 데 사용할 수 있으므로 초반에 1레벨 정도 투자하는 것이 좋습니다.'",애니
애니비아,Anivia,34,https://opgg-static.akamaized.net/meta/images/lol/champion/Anivia.png,"애니비아가 공격로에 있을 때 협공하십시오. 여럿이서 함께 공격하면 손쉽게 애니비아의 알을 제거할 수 있습니다.', '원거리형 챔피언을 플레이 중이라면 애니비아의 냉기 폭발을 좀 더 쉽게 회피할 수 있도록 충분한 거리를 유지하십시오.', '애니비아가 공격로에 있을 때 공격하는 것이 좋습니다. 애니비아는 정글에서 저레벨 결정화 스킬로 이동로를 차단할 수 있습니다.'","동상과 냉기 폭발을 함께 사용하면 엄청난 파괴력을 낼 수 있습니다.', '얼음 폭풍 스킬은 마나를 많이 소모합니다. 마나 최대치를 늘리는 아이템을 착용하거나 푸른 파수꾼을 처치하여 지속적인 마나 회복 효과를 얻도록 하십시오.', '게임 초반에는 적 챔피언이 애니비아의 알을 깨기 어렵습니다. 이를 이용하여 공격적인 플레이로 우세를 점하십시오.'",애니비아
애쉬,Ashe,22,https://opgg-static.akamaized.net/meta/images/lol/champion/Ashe.png,"애쉬는 방어 수단이 별로 없으므로 아주 좋은 기습 대상입니다.', '애쉬가 금방 마법의 수정 화살을 시전하지 않았다면, 맵에서 혼자 있을 때 주의해야 합니다.'","적이 움직이는 방향으로 마법의 수정 화살을 쏘면 명중률이 올라갑니다.', '일제 사격의 화살은 처음 맞은 적을 관통하지 않으므로, 적의 전방 탱커들이 다 맞지 않도록 거리를 잘 유지하세요.', '매 날리기로 수풀에 숨은 적을 찾을 수 있으므로 정글에서 팀 전투가 벌어질 경우 유용하게 사용할 수 있습니다.'",애쉬
야스오,Yasuo,157,https://opgg-static.akamaized.net/meta/images/lol/champion/Yasuo.png,"강철 폭풍의 폭은 아주 좁습니다. 가능하면 옆으로 피하세요.', '야스오가 강철 폭풍을 연이어 두 번 맞히면, 다음에는 회오리가 발사됩니다. 해당 스킬의 음향 효과가 들리면 바로 피할 수 있도록 준비하세요.', '야스오는 회오리 바람을 발사한 직후에 가장 취약해집니다. 이 때를 노려 교전을 벌이세요.', '야스오의 결의 보호막은 지속시간이 2초에 불과합니다. 피해를 입히고 2초 동안 기다린 후 교전을 개시하세요.'","적이 도망갈 때는 미니언을 뚫고 돌진해서 질풍검 효과로 추격하세요. 적을 대상으로 해서 돌진한 다음 미니언을 활용하여 퇴로를 확보하는 것도 좋습니다.', '18레벨에서 55%의 공격 속도 아이템을 갖추면 강철 폭풍의 공격 속도를 최대로 올릴 수 있습니다.', '최후의 숨결은 공중에 뜬 대상이라면 누구에게든 시전할 수 있습니다. 아군이 띄우는 적을 놓치지 마세요.'",야스오
에코,Ekko,245,https://opgg-static.akamaized.net/meta/images/lol/champion/Ekko.png,"에코는 궁극기가 재사용 대기에 들어가면 현저하게 약해집니다. 에코의 뒤에 남는 자취를 보고 시공간 붕괴를 쓸 수 있는지 판단하세요.', '에코의 기절 지대는 3초간 충전한 뒤 작동됩니다. 어디에 설치될 지, 스킬을 시전할 때 생기는 이미지를 잘 보세요.', '시간의 톱니바퀴는 두 번째 맞을 때 첫 번째보다 더 큰 피해를 입습니다. 잘 보고 피하세요.'","시공간 붕괴는 탈출기로도 좋지만, 공격적으로도 활용할 수 있는 강력한 스킬입니다. 이 스킬의 피해량을 잘 활용하세요.', 'Z 드라이브 공진은 가능한 한 적 챔피언에게 발동시키세요. 이동 속도 상승 효과로 인해 탈출이 쉬워집니다.', '시간 도약은 에코의 다른 스킬과 연계하기 좋습니다. 이 스킬을 활용해 시간의 톱니바퀴를 두 번 적중시키거나 평행 시간 교차를 터뜨리기 좋은 위치를 잡으세요.'",에코
엘리스,Elise,60,https://opgg-static.akamaized.net/meta/images/lol/champion/Elise.png,"거미 형태의 엘리스는 상대의 체력이 낮을 때, 인간 형태의 엘리스는 상대의 체력이 높을 때 더 공격력이 강해집니다.', '엘리스가 줄타기 스킬을 썼을 때는 적 유닛을 덮치기 전까지 공중에서 상하로 움직이기만 합니다.', '줄타기의 재사용 대기시간은 긴 편입니다. 일단 줄타기를 사용한 후에는 취약해진다는 걸 기억하세요.'","거미 형태는 체력이 낮아진 적을 처치할 때 효율이 높고, 인간 형태의 신경독은 체력이 높은 적에게 더 효과적입니다.', '거미 형태일 때 새끼 거미들은 엘리스가 독이빨 스킬을 사용한 대상을 함께 공격합니다.', '엘리스가 거미 형태일 때 거미형 스킬들은 마나가 소모되지 않습니다. 마나를 아껴야 할 때는 거미 형태로 플레이하세요.'",엘리스
오공,MonkeyKing,62,https://opgg-static.akamaized.net/meta/images/lol/champion/MonkeyKing.png,"오공은 자주 근두운 급습을 사용한 다음 분신술을 사용합니다. 잠시 기다렸다가 오공 본체를 확인한 다음 스킬을 사용하십시오.', '오공은 적에게 둘러싸여 있을 때 더 강해집니다. 먼저 고립시킨 다음 처치할 기회를 노리세요.'","근두운 급습과 분신술을 조합하면 적이 반격하기 전에 빠르게 치고 빠질 수 있습니다.', '수풀 근처에서 분신술을 사용하여 적이 과민하게 반응하도록 유도하십시오.'",오공
오른,Ornn,516,https://opgg-static.akamaized.net/meta/images/lol/champion/Ornn.png,"벽에서 물러나 있으세요. 기절 효과를 가하지 못할 경우 오른의 위력이 줄어드니까요.', '공격로에서 오른을 공격해 그가 아이템을 만들지 못하게 하세요.'","아이템의 조합식을 안다면 공격로에서 빠르게 업그레이드를 선택할 수 있습니다.', '용암 균열로 적군을 위협할 수 있는 구역을 생성할 수 있죠.', '스킬을 배우는 순서도 매우 중요합니다! 불안정 상태를 효율적으로 활용해 보세요.'",오른
오리아나,Orianna,61,https://opgg-static.akamaized.net/meta/images/lol/champion/Orianna.png,"오리아나는 구체가 있는 지역에만 영향을 줄 수 있으므로 이 점을 활용하십시오.', '오리아나의 구체는 거리가 너무 멀어지면 되돌아오므로 주의하십시오. 예상치 못한 일이 발생할 수 있습니다.'","명령: 보호를 자신에게 사용하면 구체가 빠르게 되돌아옵니다. 이 스킬을 명령: 공격과 연계하면 빠른 공격이 가능합니다.', '명령: 불협화음은 구체를 가진 오리아나를 빠르게 탈출시킬 수 있습니다. 적을 느리게 만드는 장애물을 남기며 빠르게 이동하는 조합은 대단히 강력합니다.', '명령: 충격파를 사용하면 구체의 위치에 따라 적을 자기 쪽으로 잡아당기거나 밀어낼 수 있습니다.'",오리아나
올라프,Olaf,2,https://opgg-static.akamaized.net/meta/images/lol/champion/Olaf.png,"올라프는 생명력이 낮을수록 위험해집니다. 방해 효과가 있는 스킬을 아끼다가 최후의 순간에 사용하십시오.', '올라프가 도끼를 다시 줍지 못하게 하면 올라프의 견제력을 약화시킬 수 있습니다.', '올라프는 라그나로크를 시전하는 중에는 모든 방해 효과에 면역인 대신 피해에 대한 방어력이 낮아집니다. 라그나로크를 쓰는 올라프에게서 달아나기 힘들다면, 아군과 힘을 합쳐 올라프를 집중 공격하세요'","올라프는 광전사의 분노, 광포한 공격, 라그나로크를 함께 사용하여 체력이 낮은 상태에서 적의 허를 찌를 정도로 강해질 수 있습니다.', '광포한 공격의 추가 치유 효과는 생명력 흡수율을 올려주는 동시에 아군으로부터 받는 치유 효과도 증폭시켜 줍니다.'",올라프
요네,Yone,777,https://opgg-static.akamaized.net/meta/images/lol/champion/Yone.png,,,요네
요릭,Yorick,83,https://opgg-static.akamaized.net/meta/images/lol/champion/Yorick.png,"안개 망령과 안개 마녀에게 강타 주문을 사용해 피해를 입히거나 처치할 수 있습니다.', '요릭과 싸우기 전 미리 안개 망령의 수를 줄여 놓으면 좋습니다. 안개 망령은 기본 공격이나 단일 대상에 대한 스킬 공격으로 처치할 수 있습니다.', '망자의 진을 공격하면 벽을 파괴할 수 있습니다.'","최후의 의식을 다시 사용하기 위해 각성을 사용할 필요는 없습니다.', '안개 마녀는 전투에서 요릭을 도와줍니다. 공격 대상을 잘 선택하세요.', '안개 마녀를 공격로에 혼자 보낼 수 있습니다. 하지만 안개 마녀가 없으면 요릭의 전투력이 크게 감소한다는 점을 주의하세요.'",요릭
우디르,Udyr,77,https://opgg-static.akamaized.net/meta/images/lol/champion/Udyr.png,"우디르는 원거리 전투에 약하니 가급적 거리를 유지하세요.', '우디르는 각성된 스킬을 사용한 후 한동안 다른 스킬을 각성시킬 수 없습니다.'","피해량은 아이템으로 인한 감소 효과가 적용된 후 거북이 태세에 적용되기 때문에 거북이 태세와 방어 아이템을 함께 사용하면 생존력을 크게 높일 수 있습니다.', '우디르는 게임 내 최고의 정글 사냥꾼 중 하나입니다. 이 점을 활용하여 팀원들이 보다 많은 경험치를 얻을 수 있고 전장에 대한 지배력을 높일 수 있습니다.'",우디르
우르곳,Urgot,6,https://opgg-static.akamaized.net/meta/images/lol/champion/Urgot.png,"우르곳은 다리에서 발사되는 불꽃에 크게 의존합니다. 이 불꽃은 다리가 향한 방향으로 공격하면 발사되며 불꽃이 발사된 다리는 재사용 대기 상태에 들어갑니다. 불꽃에 여러 번 맞지 않도록 주의하세요.', '우르곳은 심판의 원으로 엄청난 양의 피해를 가하고 흡수할 수 있지만, 사격을 할 때 속도가 느려집니다.', '불사의 공포를 맞았다면 스킬 효과가 유지되는 동안 체력이 처형의 기준치 아래로 떨어지지 않도록 주의하세요. (최대 체력의 25%)'","각 다리의 재사용 대기시간에 주의하세요. 우르곳이 가하는 피해량의 상당 부분을 차지하니까요.', '부식성 폭약 또는 경멸을 사용해 심판의 원을 사용할 대상을 추적하세요. 여러 다리에서 연달아 불꽃을 뿜어낼 수 있는 좋은 방법입니다.', '불사의 공포는 이미 살아남기 힘든 상태인 적에게 사용하세요. 주변 적을 떼어낼 때 특히 좋습니다.'",우르곳
워윅,Warwick,19,https://opgg-static.akamaized.net/meta/images/lol/champion/Warwick.png,"워윅은 체력이 낮을 때 공격하면 체력을 회복합니다. 완벽하게 마무리하려면 군중 제어기를 남겨두세요.', '워윅은 체력이 낮은 대상 상대로 특히 강합니다. 체력 관리에 유의하세요.', '워윅 궁극기의 사거리는 이동 속도에 비례합니다.'","피의 사냥 흔적을 따라가면 체력이 낮은 적 챔피언을 찾을 수 있습니다.', '무한의 구속 (R) 도약 사거리는 아군이 준 이로운 효과나 소환사 주문 효과를 비롯한 모든 이동 속도 증가분에 비례합니다.', '야수의 송곳니(Q)를 계속 누르고 있으면 도망치거나 도약, 순간이동하는 적도 따라갈 수 있습니다.'",워윅
유미,Yuumi,350,https://opgg-static.akamaized.net/meta/images/lol/champion/Yuumi.png,,,유미
이렐리아,Irelia,39,https://opgg-static.akamaized.net/meta/images/lol/champion/Irelia.png,"이렐리아를 상대할 때는 아이오니아의 열정 중첩에 주의하세요. 중첩이 낮을 때 교전하는 것이 좋습니다.', '미니언 무리가 있으면 이렐리아의 이동이 매우 수월해집니다. 미니언 무리 안에서의 교전을 피하세요.', '강력한 스킬이 저항의 춤에 막히지 않도록 주의하세요.'","체력이 낮은 미니언들에게 칼날 쇄도를 연이어 사용하면 긴 거리를 단숨에 좁혀 적 챔피언에게 쉽게 접근할 수 있습니다.', '저항의 춤은 군중 제어 스킬로 방해할 수 없습니다. 이동 불가 효과를 막을 때 사용해 보세요.', '쌍검협무의 칼날 이동 거리에는 제한이 없습니다. 창의적인 방법으로 사용해 보세요.'",이렐리아
이블린,Evelynn,28,https://opgg-static.akamaized.net/meta/images/lol/champion/Evelynn.png,"투명 감지 와드를 구입하면 이블린의 위치를 확인하는 데 도움이 되므로, 기습 공격에 대비할 수 있습니다.', ""이블린이 위협적인 것은 대부분 '황홀한 저주' 때문입니다. 황홀한 저주에 걸린 아군을 보호하고, 자신이 저주에 걸렸을 때는 이블린이 공격해 올만한 곳과 자신 사이에 아군이 위치하도록 하세요."", '이블린의 기습 공격이 의심되면, 미니맵 신호나 채팅을 통해 동료들에게 알려 주세요.'","황홀한 저주의 매혹 시전 시간이 길게 느껴질 수도 있지만 이블린은 매혹과 마법 저항력 감소 효과로 매우 유리한 입장에서 싸울 수 있기 때문에 기다릴 만한 가치가 있습니다.', '은신 상태에서는 적 챔피언에게 얼마나 다가가면 감지되는지 주의를 기울이십시오. 근처 적 챔피언 위에 노란색이나 빨간색 눈이 빛나므로 적의 감지 여부를 파악할 수 있습니다.', '체력이 낮을 때는 악의 장막이 주는 체력 회복 촉진 및 위장 효과로 전투에 복귀해 적의 빈틈을 노릴 수 있습니다.'",이블린
이즈리얼,Ezreal,81,https://opgg-static.akamaized.net/meta/images/lol/champion/Ezreal.png,"이즈리얼은 체력이 매우 낮은 챔피언이므로 집중 공격하여 재빨리 처치하십시오.', '이즈리얼의 공격은 모두 원거리 스킬 기반이므로 미니언 뒤에 숨도록 하십시오.', '신비한 화살은 적중 시 효과를 받습니다. 따라서 잉걸불 문장 효과가 적용됩니다.'","비전 이동을 활용하여 다른 스킬들을 손쉽게 맞힐 수 있습니다.', '이즈리얼은 공격력이나 주문력 중 하나를 선택하여 주 공격수로 성장할 수 있는 챔피언입니다.', '정조준 일격을 사용하여 다수의 미니언 무리 또는 몬스터 무리를 공격할 수 있습니다.'",이즈리얼
일라오이,Illaoi,420,https://opgg-static.akamaized.net/meta/images/lol/champion/Illaoi.png,"일라오이를 상대할 때는 수시로 촉수를 처치하는 것이 승리의 발판이 됩니다.', '자신의 영혼이 분리되면 최선을 다해 맞서 싸워야 합니다. 일라오이에게 피해를 입히면 영혼이 분리된 상태의 지속시간이 줄어듭니다.', '일라오이가 믿음의 도약을 사용할 때는 최대한 흩어져 있어야 많은 촉수가 소환되는 것을 막을 수 있습니다.'","촉수는 엄청난 힘의 원천입니다. 촉수 없이 전투를 시작하지 마세요.', '영혼은 대상 챔피언의 현재 체력을 그대로 반영합니다. 대상을 ', '숙주', '로 만들 때는 미리 적 챔피언의 체력을 낮춘 뒤 영혼을 분리해내면 더 쉽게 처치할 수 있습니다.', '믿음의 도약은 팀 전투가 벌어진 후 연계하여 사용하는 것이 가장 좋으니, 먼저 전투를 시작하지 않도록 주의하세요.'",일라오이
자르반 4세,JarvanIV,59,https://opgg-static.akamaized.net/meta/images/lol/champion/JarvanIV.png,"자르반 4세와 데마시아의 깃발 사이에 서지 않도록 주의하십시오. 그렇지 않으면 플레이어의 챔피언이 하늘로 날아갈 수 있습니다.', '대격변의 지형은 성가신 방해물이지만 이동 관련 스킬로 벗어날 수 있습니다.'","용의 일격과 데마시아의 깃발을 연계하여 대격변으로 생성된 벽에서 벗어날 수 있습니다.', '전투 초반에 여러 적 챔피언에게 기본 공격을 가하면 피해를 최대화할 수 있습니다.', '적의 공격이 걱정된다면 데마시아의 깃발로 주변을 정찰하십시오.'",자르반 4세
자야,Xayah,498,https://opgg-static.akamaized.net/meta/images/lol/champion/Xayah.png,"자야가 깃부르미를 사용했을 때 깃털을 세 개 이상 맞으면 속박됩니다.', '같은 장소에서 전투를 지속하면 자야가 깃털을 많이 떨어트리게 되니 꾸준히 이동하면서 싸우세요.', '자야를 노릴 때는 만반의 준비를 갖춰야 합니다. 저항의 비상을 사용하면 대상으로 지정할 수 없게 되기 때문에, 순식간에 전세가 뒤집힐 수 있죠.'","자야는 기본 공격 및 스킬 사용 시 바닥에 깃털을 남깁니다. 깃털은 나중에 다시 불러들여 광역 피해를 입히고 적을 속박시킬 수 있습니다.', '저항의 비상을 사용하면 거의 모든 스킬을 피할 수 있고 깃털도 다량 남길 수 있습니다. 궁극기의 공격적인 면과 수비적인 면을 모두 활용해 보세요.'",자야
자이라,Zyra,143,https://opgg-static.akamaized.net/meta/images/lol/champion/Zyra.png,"자이라의 씨앗은 밟아서 파괴할 수 있습니다. 씨앗을 밟으려고 할 때 자이라가 식물을 키우려 한다면 마지막 순간에 발을 빼서 스킬을 낭비하게 할 수 있습니다.', '자이라가 너무 먼 곳에 식물을 심었을 때는 자이라에게 가까이 다가가는 것도 좋습니다.', '와드와 비슷하게 식물도 공격 및 효과에 고정 피해를 입으며, 자동으로 빠르게 소멸합니다.', '장소를 옮겨가며 전투를 벌이면 심어둔 씨앗을 무용지물로 만들 수 있습니다.', '맹렬한 성장으로 심은 씨앗은 크기도 더 크고 색깔도 다르며, 해당 지역을 밝혀 아군이 볼 수 있도록 해줍니다.'","스킬을 시전한 직후 경로 상에 씨앗을 뿌리면 최적의 위치에 씨앗을 배치할 수 있습니다.', '씨앗은 아군에게 시야를 확보해 줍니다.', '자이라는 매복에 탁월합니다. 수풀 안에 씨앗을 심은 다음 적들을 유인하십시오.'",자이라
자크,Zac,154,https://opgg-static.akamaized.net/meta/images/lol/champion/Zac.png,"자크는 몸에서 떨어져나간 조각을 흡수해 체력을 회복합니다. 이 조각을 밟아 으깨세요.', '자크가 죽었을 때 갈라져나간 조각들을 각각 처치하여 부활하지 못하게 막으세요.', '자크가 새총 발사를 충전 중일 때는 침묵, 기절, 속박, 띄우기로 끊을 수 있습니다.'","전장에서 살아남으려면 반드시 떨어져나간 조각을 흡수해야 합니다.', '세포 분열을 사용할 수 있을 때는 적이 갈라진 몸 조각을 처치하기 어려운 곳으로 가서 죽는 게 유리합니다.', '적이 대응할 틈이 없도록, 새총 발사는 전장의 안개 속에 숨어서 충전하세요.'",자크
잔나,Janna,40,https://opgg-static.akamaized.net/meta/images/lol/champion/Janna.png,"잔나가 궁극기를 사용할 때까지 방해 효과가 있는 스킬을 아껴두십시오.', '잔나가 보이지 않는 곳에서 울부짖는 돌풍으로 공격할 수도 있으므로 효과음에 집중하십시오.', '잔나는 아군에게 이로운 효과를 걸어주고 있을 때 가장 강력합니다. 잔나의 아군을 공격하면 잔나의 위력 또한 감소합니다.'","폭풍의 눈은 아군 포탑에 사용할 수 있습니다.', '울부짖는 돌풍을 충전 없이 빠르게 발사하여 적을 방해할 수 있습니다.', '잔나의 궁극기를 시기 적절하게 사용하여 적들을 갈라놓거나 부상 당한 아군에게서 적을 멀리 날려버릴 수 있습니다.'",잔나
잭스,Jax,24,https://opgg-static.akamaized.net/meta/images/lol/champion/Jax.png,"잭스와 정면으로 맞서기 보다는 치고 빠지는 작전을 사용하는 편이 좋습니다. 잭스의 연속 공격을 차단하면 공격력이 현저하게 떨어집니다.', '잭스는 짧은 시간동안 모든 공격을 회피할 수 있습니다. 회피 후에는 근처에 있는 모든 적을 기절시킵니다. 회피 효과가 사라질 때까지 기다리세요.'","잭스는 와드를 포함한 아군 유닛에 도약 공격을 사용할 수 있습니다. 이를 활용하여 전투에서 탈출하십시오.', '잭스는 구인수의 격노검이나 마법공학 총검처럼 주문력과 공격력을 겸비한 아이템을 착용할 시 큰 이득을 볼 수 있습니다.'",잭스
제드,Zed,238,https://opgg-static.akamaized.net/meta/images/lol/champion/Zed.png,"제드는 공격력 아이템을 구입할 때 추가 효과가 생기기 때문에, 상대할 때는 방어력 아이템을 갖추는 쪽이 효율적입니다.', '제드는 살아있는 그림자로 피해, 둔화, 기동력이 좌우되기 때문에 이 스킬을 사용한 후에는 가장 취약해집니다.', '제드의 그림자 베기 스킬은 그림자가 쓰는 스킬에 맞았을 때만 둔화에 걸립니다.'","궁극기를 쓸 때까지 기력과 스킬 재사용 대기시간을 최대한 아껴두면 죽음의 표식으로 줄 수 있는 피해량이 극대화됩니다.', '살아있는 그림자를 빠르게 두 번 쓰면 바로 그림자와 위치를 바꿀 수 있어, 빠른 도주가 가능합니다.', '죽음의 표식을 시전하기 전에 살아있는 그림자를 사용하면 전투에서 안전하게 빠져나갈 수 있습니다.'",제드
제라스,Xerath,101,https://opgg-static.akamaized.net/meta/images/lol/champion/Xerath.png,"제라스의 스킬 사거리는 분명 위협적이지만, 접근할 방법이 있는 대부분의 챔피언은 제라스를 쉽게 상대할 수 있습니다.', '비전 의식 스킬은 시전 시간이 깁니다. 스킬 사용 모션을 보고 대비하십시오.', '밴시의 장막을 사 두면 제라스가 충격 구체로 맞히기 어렵게 됩니다.'","비전 파동은 제라스에게 다가오거나, 도망가는 적에게 사용할 때 가장 잘 적중합니다.', '파멸의 눈으로 대상의 속도를 늦추면 비전 파동을 더 쉽게 맞힐 수 있습니다.', '충격 구체로 적을 기절시킨 후 파멸의 눈 중앙에 정확히 맞히세요.'",제라스
제리,Zeri,221,https://opgg-static.akamaized.net/meta/images/lol/champion/Zeri.png,,,제리
제이스,Jayce,126,https://opgg-static.akamaized.net/meta/images/lol/champion/Jayce.png,"제이스는 근접과 원거리 공격이 모두 가능합니다. 제이스의 자세와 무기 색깔을 보고 현재 근접인지 원거리인지 파악하도록 하세요.', '가속 관문을 열었다면 이어서 전격 폭발을 시전할 가능성이 크므로 주의해야 합니다.', '제이스는 게임 초반에 강력합니다. 제이스가 추가 효과를 받은 경우 방어적으로 플레이하십시오.'","무기를 되도록 자주 변환하십시오. 무기를 바꿀 때마다 공격력이 강화되며 순간적으로 이동 속도를 증가시킬 수 있습니다.', '적의 공격으로 받는 피해가 클 경우, 무기를 해머로 변환하면 방어력이 향상됩니다.', '전격 폭발 스킬을 사용할 때 가속 관문을 통과하도록 하면 사거리와 피해량이 대폭 증가합니다.'",제이스
조이,Zoe,142,https://opgg-static.akamaized.net/meta/images/lol/champion/Zoe.png,"통통별은 총 이동 거리에 비례해 더 큰 피해를 입힙니다.', '조이는 차원 넘기로 이동한 후 반드시 원래 자리로 돌아갑니다. 반격할 때 이 점을 이용해 보세요.', '헤롱헤롱쿨쿨방울은 벽 너머로 날아가면 더 멀리 이동합니다. 조이가 전장의 안개 속에 숨었을 때 특히 조심하세요.'","통통별은 총 이동 거리에 비례해 더 큰 피해를 입히므로, 일단 뒤쪽으로 쏜 뒤 재사용해 방향을 바꾸면 더 피해량을 극대화할 수 있습니다.', '잠든 상태의 적에게는 두 배의 피해를 입힐 수 있습니다. 적을 깨울 때는 가장 강력한 스킬을 사용하세요.', '헤롱헤롱쿨쿨방울을 벽 너머로 던지면 더 멀리 날아갑니다. 적당한 곳에 숨어서 멀리 있는 적을 노려 보세요.'",조이
직스,Ziggs,115,https://opgg-static.akamaized.net/meta/images/lol/champion/Ziggs.png,"직스가 설치한 지뢰를 밟지 마세요! 속도가 느려져서 직스의 다른 스킬에 훨씬 쉽게 적중 당합니다.', '직스의 스킬들은 재사용 대기시간이 긴 편입니다. 직스가 스킬을 다 사용한 시점을 노리세요.', '직스의 궁극기 지옥 화염 폭탄은 폭발 반경의 중심부에 있을수록 큰 피해를 입습니다.'","교전이 일어난 곳에서 멀리 있을 때도 지옥 화염 폭탄으로 아군을 도울 수 있습니다.', '마법공학 지뢰밭으로 적들을 둔화시키면 다른 스킬을 더 쉽게 적중시킬 수 있습니다.', '적을 추격하거나 도망칠 때는 휴대용 폭약 스킬로 벽을 넘을 수 있으니 잘 활용하세요.'",직스
진,Jhin,202,https://opgg-static.akamaized.net/meta/images/lol/champion/Jhin.png,"살상연희 스킬은 최근 4초 안에 진의 기본 공격이나 함정, 또는 진의 아군에게 공격당한 적들만을 속박시킵니다.', '진은 맵 여기저기에 보이지 않는 함정을 설치합니다. 조심하세요!', '진은 화력이 꽤 강력하지만, 4발을 발사하면 탄환이 떨어집니다. 이 순간을 놓치지 말고 달려들어 쓰러뜨리세요.'","살상연희 스킬은 범위가 매우 넓습니다. 전투에 참여하기 전에 미리 적을 함정에 빠뜨려 속박시킬 계획을 짜두세요.', '대상의 체력이 가득하다면 궁극기로 입힐 수 있는 피해량이 크게 줄어듭니다. 적이 약해진 후 도망칠 때를 노려서 처치하세요.', '재장전 중에도 스킬은 사용할 수 있습니다. 기본 공격을 할 수 없을 때는 스킬을 사용하세요.'",진
질리언,Zilean,26,https://opgg-static.akamaized.net/meta/images/lol/champion/Zilean.png,"질리언의 이동 속도에 맞출 수 있다면 그의 궁극기가 끝날 때까지 기다렸다가 결정타를 날리는 편이 좋습니다.', '질리언은 협공에 약하지만 1대1로 맞서면 제거하기 어려운 상대입니다. 팀원과 협력해 그를 제거하십시오.'","시한 폭탄과 되감기를 조합하여 하나의 목표에 빠르게 두 개의 시한 폭탄을 설치할 수 있습니다. 두 번째 폭탄을 설치하면 첫 번째 폭탄이 폭발하여 주위 모든 적을 기절시킵니다.', '시간 왜곡은 적을 마무리하거나 전장에서 탈출할 때 효과적입니다.', '시간 역행은 공격을 방지하는 강력한 수단이지만, 너무 빨리 사용하면 적이 금방 목표를 바꾸기 때문에 효과가 떨어질 수 있습니다.'",질리언
징크스,Jinx,222,https://opgg-static.akamaized.net/meta/images/lol/champion/Jinx.png,"징크스의 미니건은 공격 속도가 상승할 때까지 시간이 걸립니다. 거리를 두고 로켓으로 공격한다면 덮쳐서 빠르게 녹여버리세요.', '징크스의 궁극기는 가까이 있을수록 피해량이 적습니다.', '징크스의 주력 방어 스킬인 와작와작 지뢰는 재사용 대기시간이 깁니다. 지뢰가 재사용 대기중일 때 전투가 벌어지면 징크스가 도주하기 어려운 점을 활용하세요.'","반드시 로켓이 더 좋은 것은 아닙니다! 징크스의 미니건은 완전히 공격 속도가 상승하면 위력이 엄청나게 커집니다. 적 챔피언이 너무 가까이 붙으면 반드시 미니건으로 전환하세요.', '징크스의 로켓은 폭발 반경 안의 모든 적에게 최대치의 피해를 입힙니다. 적 챔피언 옆에 있는 미니언들에게 사용해서 미니언의 공격 대상이 되지 않도록 하세요.', '교전이 시작되면 진형 끝에 서서 로켓 런처와 빠직! 스킬로 원거리 공격을 하세요! 안전이 확보될 때까지는 달려들어가 미니건을 난사하지 않는 게 좋습니다.'",징크스
초가스,Chogath,31,https://opgg-static.akamaized.net/meta/images/lol/champion/Chogath.png,"체력 아이템을 몇 개 사두면 초가스와 맞붙더라도 생존할 확률이 높아집니다.', '초가스가 최대 크기로 성장하지 못하도록 저지하세요.', '파열이 적중될 지역 위에는 연기구름이 생성됩니다. 연기구름이 생성되는지 잘 관찰해 초가스의 스킬 연계 공격을 막아 보세요.'","날카로운 가시 스킬을 잘 조준하여 미니언을 처치하면서 동시에 적 챔피언도 견제해 보세요.', '챔피언을 포식 스킬로 먹어 치우기 힘들다면 우선 미니언을 잡아먹어 체력을 키우십시오.', '미니언을 파열 스킬로 한꺼번에 처리하면 육식 기본 지속 효과 덕택에 체력과 마나를 모두 확보할 수 있습니다.'",초가스
카르마,Karma,43,https://opgg-static.akamaized.net/meta/images/lol/champion/Karma.png,"카르마의 기본 지속 효과는 스킬이나 기본 공격으로 적 챔피언을 맞힐 때마다 만트라의 재사용 대기시간을 줄여줍니다. 카르마가 쉽사리 맞힐 수 없도록 잘 피하세요.', '카르마의 영혼의 불꽃이 터지면 해당 위치에 추가 피해를 줍니다. 빠르게 원형 범위를 벗어나도록 하세요.', '굳은 결의는 강력한 무력화 스킬입니다. 거리를 확보하여 속박을 피한 다음 다시 접근하도록 하세요.'","열정 응집은 공격적인 플레이 시 빛을 발합니다. 적에게 스킬이나 기본 공격을 맞혀서 만트라의 재사용 대기시간을 줄이면서 계속 공세를 펼치세요.', '굳은 결의를 시전할 때 적을 따라잡기 힘들 때는 내면의 열정으로 적에게 둔화를 걸거나 고무로 자신의 속도를 높여 보세요.', '만트라는 아낄 필요가 없습니다. 열정 응집은 팀간 교전 시 위력을 발휘하며 만트라를 여러 번 재충전하게 만들어 줍니다.'",카르마
카밀,Camille,164,https://opgg-static.akamaized.net/meta/images/lol/champion/Camille.png,"카밀의 보호막은 물리 혹은 마법 피해 중 하나만 흡수합니다. 보호막 유형을 잘 확인한 후 피해를 입혀 보세요.', '마법공학 최후통첩은 사거리가 매우 짧은 스킬이므로 카밀이 가까이 다가오면 점멸로 거리를 벌리세요.'","상대 팀이 전투로 진영이 흐트러질 때까지 기다렸다가 갈고리 발사 스킬을 사용해 가장 약한 대상을 노리세요.', '군중 제어 스킬을 이용해 정확성 프로토콜 공격을 두 번 다 적중시켜 보세요.'",카밀
카사딘,Kassadin,38,https://opgg-static.akamaized.net/meta/images/lol/champion/Kassadin.png,"카사딘은 주로 마법 피해를 줍니다. 카사딘에 대항하려면 헤르메스의 발걸음이나 밴시의 장막과 같은 마법 저항력 아이템을 구매하세요.', '카사딘은 균열 이동을 연속으로 사용할수록 점점 더 많은 마나를 사용하게 됩니다. 카사딘을 쫓을 때는 이 점을 유념하세요.', '주위에서 스킬이 6번 시전되면 카사딘이 힘의 파동을 사용할 수 있으므로, 스킬 사용에 주의하세요.'","카사딘은 여러 가지 방면으로 성장시킬 수 있는 챔피언입니다. 마나와 주문력을 늘려 마법 공격형 챔피언으로 성장시킬 수도 있으며 재사용 대기시간 감소와 마법 저항력 위주의 아이템을 장착하면 마법사 사냥꾼으로 둔갑합니다.', '카사딘의 궁극기는 사용법이 다양하고 재사용 대기시간도 비교적 짧으므로 자주 활용하십시오.', '푸른 파수꾼을 처치하여 균열 이동을 연속해서 사용할 때 증가하는 마나 소모량에 대비하십시오.'",카사딘
카서스,Karthus,30,https://opgg-static.akamaized.net/meta/images/lol/champion/Karthus.png,"카서스는 죽은 뒤 잠시 동안 스킬을 사용할 수 있으므로 시체에서 멀리 떨어지는 편이 좋습니다.', '진혼곡을 맞고 살아남으려면 항상 충분한 체력을 유지하십시오. 본진에 자주 돌아가는 경우가 있더라도 말입니다.'","다른 공격로에 있는 아군과 상의하여 시기적절하게 진혼곡을 쓰면 다른 공격로에 있는 적을 처치할 수 있습니다.', '황폐화는 미니언 사냥과 적 챔피언 괴롭히기에 유용합니다.'",카서스
카시오페아,Cassiopeia,69,https://opgg-static.akamaized.net/meta/images/lol/champion/Cassiopeia.png,"카시오페아의 독에 중독되었다면 카시오페아는 쌍독니 스킬로 많은 피해를 입힐 수 있으므로 주의하십시오.', '카시오페아가 석화의 응시를 시전하면 즉시 방향을 틀고 후방을 바라보십시오. 이렇게 하면 기절 대신 둔화 효과만 걸립니다.'","석화의 응시에 당해 기절한 적이나 몬스터 처럼 움직이지 않는 적을 중독시킨 후 쌍독니를 연속적으로 사용하여 강력한 피해를 가할 수 있습니다.', '적의 동선을 예측하여 맹독 폭발을 사용하십시오.'",카시오페아
카이사,Kaisa,145,https://opgg-static.akamaized.net/meta/images/lol/champion/Kaisa.png,"카이사는 고립된 적을 공격하는 데 능합니다. 적에 카이사가 있다면 아군과 뭉쳐 있는 게 좋습니다.', '카이사는 상대적으로 사거리가 짧기 때문에 사거리가 긴 원거리 딜러나 거리를 벌릴 수 있는 마법사와 전투할 때 주의해야 합니다.', '시야가 없는 곳에 와드를 설치해 카이사의 접근을 미리 파악하세요.'","고립된 적 딜러를 쫓아 이케시아 폭우로 폭발적인 피해를 입히세요.', '아군과 미리 상의해 궁극기를 효과적으로 사용하고 기본 지속 효과로 피해량을 극대화하세요.', '적어도 스킬 1~2개를 진화시킬 것을 고려하여 아이템을 구매하세요.'",카이사
카직스,Khazix,121,https://opgg-static.akamaized.net/meta/images/lol/champion/Khazix.png,"공포 감지는 고립된 대상에게 추가 피해를 입히므로, 아군 미니언이나 챔피언, 포탑 근처에서 싸워야 유리합니다.', '도약과 공허의 습격은 재사용 대기시간이 깁니다. 두 스킬을 쓸 수 없을 땐 카직스가 매우 취약해집니다.'","가까운 범위 내에 아군이 없으면 적은 고립된 것으로 간주됩니다. 이런 적에게는 공포 감지 스킬의 피해량이 대폭 증가합니다.', '보이지 않는 위협은 카직스가 적의 시야에 노출되지 않을 때 발동됩니다. 수풀에 들어가거나 공허의 습격을 시전하면 보이지 않는 위협이 재발동됩니다. 적 챔피언을 자동 공격할 때는 계속 보이지 않는 위협을 적용해 주세요.', '카직스는 교전 시점과 위치를 자유자재로 선택할 수 있습니다. 이 점을 잘 활용하면 이길 수 있습니다.'",카직스
카타리나,Katarina,55,https://opgg-static.akamaized.net/meta/images/lol/champion/Katarina.png,"카타리나는 마법 피해를 주로 입히므로 카타리나가 공격력을 올려주는 아이템을 가지고 있다 하더라도 마법 저항력을 높여 대항하십시오.', '카타리나가 죽음의 연꽃을 시전할 때까지 방해 효과를 일으키는 스킬은 아껴 두십시오.'","단검을 주우면 순보의 재사용 대기시간이 크게 줄어듭니다.', '팀간 전투가 일어나면 적팀의 주의가 산만해질 때까지 기다렸다가 순보로 순간이동한 다음 죽음의 연꽃을 시전하여 큰 피해를 입힐 수 있습니다.', '순보를 아군 챔피언이나 단검, 또는 미니언에게 사용하면 신속하게 전장에서 이탈할 수 있습니다.'",카타리나
칼리스타,Kalista,429,https://opgg-static.akamaized.net/meta/images/lol/champion/Kalista.png,"칼리스타의 기동력은 공격에 의해 좌우됩니다. 즉, 공격 사거리 밖에 있을 때는 기동력이 낮으며, 공격 속도가 느려지면 교전 시 이동할 수 있는 범위가 줄어듭니다.', '칼리스타는 기본 공격 준비 동작을 취소할 수 없습니다. 기동력은 뛰어나지만, 이 때문에 공격을 언제 시작할지 제대로 짚으면 스킬을 적중시킬 수 있습니다.', '수풀 등을 활용해서 칼리스타의 시야에서 벗어나면 기본 공격이 빗나가, 창이 바닥으로 떨어집니다.'","뽑아 찢기는 대상을 처치할 때 재사용 대기시간이 초기화되므로 최후의 일격으로 사용하면 좋습니다.', '전투 태세 명령을 발동하려고 이동 명령을 한 번 했을 때는 칼리스타의 기본 공격 대상이 취소되지 않습니다.', '기본 지속 효과에 의해 칼리스타의 이동 속도는 공격 속도에 비례하여 상승합니다.'",칼리스타
케넨,Kennen,85,https://opgg-static.akamaized.net/meta/images/lol/champion/Kennen.png,"폭풍의 표식에 걸렸을 때는 조심하여 케넨을 상대하십시오. 폭풍의 표식이 세 개 중첩되면 기절하게 됩니다.', '케넨은 기본적으로 체력이 낮은 편입니다. 케넨이 번개 질주를 생각 없이 사용할 때 공격하도록 하십시오.'","폭풍의 표식이 세 번 중첩되면 적이 기절합니다.', '전투 시작 시 번개 질주를 사용한 후 기력을 돌려받아 다른 스킬을 쓸 수 있습니다.', '적에게 천둥의 표창을 써서 폭풍의 표식을 건 후 전류 방출을 쓰면 폭풍의 표식을 중첩시킬 수 있습니다.'",케넨
케이틀린,Caitlyn,51,https://opgg-static.akamaized.net/meta/images/lol/champion/Caitlyn.png,"케이틀린이 필트오버 피스메이커를 사용하여 견제를 시도한다면 완전히 피하거나 아군 미니언 뒤에 계십시오. (타겟을 많이 맞힐수록 피해가 감소합니다)', '플레이어가 비장의 한 발 스킬의 공격 방향에 서 있다면 아군이 탄환에 맞지 않도록 중간에서 탄을 차단할 수 있습니다.'","요들잡이 덫을 사용할 때는 한 개를 깔고, 나머지 한 개를 언제든지 배치할 수 있도록 하는 게 좋습니다.', '팀간 전투에서 비장의 한 발 스킬을 사용하면 의도하지 않은 대상이 스킬을 대신 막을 수 있으므로 주의하십시오.', '90구경 투망 스킬은 거리를 좁히거나 벽을 뛰어넘는 용도로도 사용할 수 있습니다.'",케이틀린
케인,Kayn,141,https://opgg-static.akamaized.net/meta/images/lol/champion/Kayn.png,"그림자의 지배를 사용하려면 먼저 케인이 상대에게 피해를 입혀야 합니다. 몰아치는 낫을 피해 그림자의 지배 사거리가 늘어나는 것을 막아 보세요.', '케인이 근처에서 지형을 통과하면 해당 지형이 표시되어 확인할 수 있습니다.', '케인이 그림자의 길을 사용 중일 때 피해를 입히면 지속시간을 줄일 수 있고, 강력한 군중 제어 스킬(기절, 매혹, 공중에 띄워올리기 등)을 사용하면 그림자의 길을 즉시 중단시킬 수 있습니다.'","아군과 적의 구성을 고려해 형상을 선택하세요.', '현재 통과 중인 지형이 어디인지 근처의 적에게 표시됩니다.'",케인
케일,Kayle,10,https://opgg-static.akamaized.net/meta/images/lol/champion/Kayle.png,"신성한 심판은 케일 또는 케일의 아군이 피해를 입지 않도록 보호해 줍니다. 그러나 둔화 및 기절과 같은 각종 방해 효과에는 무력하니 발을 묶는 스킬을 잘 활용하세요.', '케일은 집중 공격에 약한 편입니다. 궁극기를 아군에게 시전하면 바로 케일을 공격하십시오.', '게임을 시작할 때의 케일은 비교적 약한 근접 챔피언입니다. 원거리 챔피언으로 바뀌기 전에 격차를 벌려 두세요.'","신성한 심판을 아군 중 가장 우수한 화력을 내는 플레이어에게 사용할 경우 자유롭게 공격할 상황을 만들어 주어 순식간에 전황을 뒤집을 수도 있습니다. ', '거룩한 승천으로 사거리가 늘어나면 공격이 매우 강력해집니다. 그 전까지는 안전하게 플레이하세요. ', '케일에게는 공격력과 주문력 모두가 중요합니다. 케일은 내셔의 이빨이나 마법공학 총검 같은 하이브리드형 아이템이 효과적입니다.'",케일
코그모,KogMaw,96,https://opgg-static.akamaized.net/meta/images/lol/champion/KogMaw.png,"코그모는 쓸만한 탈출 능력이 딱히 없어 매복에 취약합니다.', '코그모가 쓰러지면 빨리 도망가십시오!!!', '살아 있는 곡사포는 매 레벨마다 사거리가 증가합니다.', '코그모는 생체마법 폭격 스킬로 내셔 남작을 매우 빨리 처치할 수 있습니다. 코그모가 몰락한 왕의 검을 뽑으면 내셔 남작이 있는 곳에 와드를 박아두는 게 좋습니다.'","코그모가 생체마법 폭격 스킬을 사용하면 대부분의 챔피언보다 사거리 길어집니다.', '공허의 분비물을 이용하면 살아있는 곡사포를 보다 잘 맞힐 수 있게 됩니다.', '이케시아식 마무리를 최대한 활용하십시오.'",코그모
코르키,Corki,42,https://opgg-static.akamaized.net/meta/images/lol/champion/Corki.png,"코르키의 미사일 폭격 스킬에 주의하세요. 미사일 폭격 스킬은 광역 피해를 입히기 때문에 미니언 뒤에 숨어있어도 피해를 입을 수 있습니다.', '코르키는 발키리나 특급 폭탄 배송을 사용하고 나면 도망갈 수단이 사라집니다. 이 스킬 이후 코르키를 집중적으로 공격하세요.'","인광탄 스킬은 주변 수풀에 숨은 적을 찾을 때 유용합니다.', '발키리 스킬은 방어용으로 사용할 수 있으니 탈출시에 활용해 보십시오.', '코르키는 개틀링 건 스킬을 사용하는 동안에도 계속 공격이 가능합니다. 코르키를 완벽하게 사용하려면 개틀링 건 스킬을 최대한 활용하십시오.'",코르키
퀸,Quinn,133,https://opgg-static.akamaized.net/meta/images/lol/champion/Quinn.png,"발러의 표식이 찍혔다면, 퀸이 이득을 취할 수 없도록 일단 후퇴하세요.', '퀸의 현재 위치를 예의주시하세요. 후방 지원 스킬로 발러가 아주 빠르게 맵을 가로질러와 급습할 수 있습니다.', '퀸이 후방 지원 스킬을 사용 중일 때 피해를 입히면 이동 속도 증가 효과가 일시적으로 사라집니다.'","발러가 취약 표식을 남긴 적을 공격하면 매사냥의 재사용 대기시간이 시작됩니다. 표식을 빠르게 소모하면 다음 표식이 더 빠르게 생성됩니다.', '공중제비 스킬이 강력하긴 하지만, 적이 이 때를 노려 퀸에게 반격할 수 있으니 주의해서 사용해야 합니다. 공중제비는 벽을 등지고 있을 때 활용하면 좋습니다.', '후방 지원 스킬로 아주 먼 거리를 신속하게 이동할 수 있으니 다른 라인의 미니언을 정리하고 싶을 때나 부상 당한 적을 추격할 때 활용하세요.'",퀸
크산테,KSante,897,https://opgg-static.akamaized.net/meta/images/lol/champion/KSante.png,,,크산테
클레드,Kled,240,https://opgg-static.akamaized.net/meta/images/lol/champion/Kled.png,"빵야! 또는 기본 공격으로 적에게 피해를 입히거나, 미니언을 처치하거나, 구조물 혹은 에픽 몬스터를 공격하면 스칼의 용기가 회복됩니다.', '클레드가 스칼을 타고 있지 않을 때는 용기 수치를 잘 확인해야 합니다. 100%가 되면 스칼이 체력을 상당량 회복한 채 돌아와 클레드를 다시 태우기 때문이죠.', '버럭버럭의 재사용 대기시간이 돌아오면 굉장히 위협적이기 때문에 조심해야 합니다.'","미니언을 처치하는 것보다 챔피언과 전투를 벌이면 스칼의 용기를 더 빠르게 회복시킬 수 있습니다.', '버럭버럭의 마지막 기본 공격은 처음 세 번보다 더 많은 피해를 입힙니다.', '돌겨어어억!!!은 굉장히 먼 거리에서도 사용할 수 있습니다. 도착 시점의 적 위치를 예상해서 사용해 보세요.'",클레드
키아나,Qiyana,246,https://opgg-static.akamaized.net/meta/images/lol/champion/Qiyana.png,,,키아나
킨드레드,Kindred,203,https://opgg-static.akamaized.net/meta/images/lol/champion/Kindred.png,"킨드레드는 몸이 약한 편입니다. 압박을 주면 소극적인 플레이를 펼칠 수밖에 없습니다.', '사냥 효과 지우기 - 늑대가 사냥을 활성화한 정글 캠프의 몬스터를 모두 처치하면 킨드레드의 피해량이 커지는 것을 지연시킬 수 있습니다.', '킨드레드가 양의 안식처 스킬을 사용하면 영역 안으로 들어가세요. 어떤 챔피언이든 죽지 않게 됩니다.'","정글 사냥 시 공격하는 사이사이 움직이면 몬스터의 공격을 피할 수 있을 뿐더러 늑대의 광기 스킬로 인한 치유 효과가 활성화됩니다.', '어떤 대상을 사냥할지 신중하게 선택하세요. 게임이 진행될수록 사냥에 많이 성공해야만 승리를 기약할 수 있습니다.', '대규모 교전 시엔 선두에서 들어가지 마세요. 아군이 공격을 개시하길 기다리는 편이 좋습니다.'",킨드레드
타릭,Taric,44,https://opgg-static.akamaized.net/meta/images/lol/champion/Taric.png,"타릭의 궁극기 우주의 광휘는 사용 후 실제 효과가 발동되기까지 시간이 조금 걸립니다. 타릭이 궁극기를 사용했다면 아예 일단 전투를 피하거나, 효과가 발동되기 전에 킬을 올리거나 둘 중 하나를 선택해야 합니다.', '타릭은 기본 지속 효과인 담대함 덕분에 스킬의 재사용 대기시간을 단축시킬 수 있습니다. 대규모 전투에서는 카이팅으로 대응하고, 공격로 전투에서는 타릭이 미니언을 처치하러 다가올 때를 노려보세요.'","담대함에 재사용 대기시간 감소 효과가 있기 때문에 타릭에게는 얼어붙은 심장, 얼어붙은 건틀릿, 정령의 형상 등의 아이템이 특히 좋습니다.', '별빛 손길은 충전량이 낮을 때 사용하면 마나 효율이 좋지 않지만 기본 지속 효과 덕분에 기본 공격이 강화되어 유용할 수 있습니다.', '우주의 광휘를 마지막 순간까지 아끼다가 아군이 처치당할 수도 있으니 팀 전투가 시작되기 직전에 미리 사용하는 편이 낫습니다.'",타릭
탈론,Talon,91,https://opgg-static.akamaized.net/meta/images/lol/champion/Talon.png,"탈론의 공격은 물리 피해를 줍니다. 초반에 방어력를 높여 대비하세요.', '탈론은 탈출 시 그림자 공격에 의지하는 편입니다. 그림자 공격이 끝나면 탈론은 크게 약해집니다.', '탈론은 기동성이 매우 좋은 챔피언입니다. 늘 위치를 파악해 두거나 공격로에서 강력하게 압박해 다른 곳으로 이동하지 못하게 하세요.'","적 뒤에 자리를 잡고 녹서스식 외교의 근접 공격을 시도하고 싶을 때 암살자의 길을 사용해 보세요.', '그림자 공격은 탈출할 때 유용한 스킬이지만 여러 명을 공격할 때에도 유용하게 사용할 수 있습니다.', '전투 전에 미리 공격 대상을 선택해두십시오. 탈론의 모든 스킬을 하나의 대상에 집중시키면 최고의 성과를 거둘 수 있습니다. 스킬을 분산시켜 사용하면 위험한 상황에 처할 수도 있습니다.'",탈론
탈리야,Taliyah,163,https://opgg-static.akamaized.net/meta/images/lol/champion/Taliyah.png,"공격로에서 탈리야가 대지의 파동을 쓰면 지각변동을 조심하세요. 바위밭에 던져지면 만신창이가 될 가능성이 높습니다.', '파편 난사는 한 방향으로만 발사됩니다. 탈리야가 바위 조각을 던지기 시작한다면 다른 쪽으로 피하세요.'","지각변동을 사용해 적을 대지의 파동 위로 던져 보세요.', '바위술사의 벽에 꼭 올라타지 않고 그냥 벽만 생성할 수도 있습니다.', '라일라이의 수정홀을 구매한 후 추격해오는 적에게 파편 난사를 사용하면 아주 효과적입니다.'",탈리야
탐 켄치,TahmKench,223,https://opgg-static.akamaized.net/meta/images/lol/champion/TahmKench.png,"탐 켄치가 두꺼운 피부 보호막을 사용하면, 상당한 체력 회복 효과를 포기한 것입니다. 게다가 두꺼운 피부 스킬이 재사용 대기에 들어가면 새로 회색 체력이 오르지 않으니 이때를 놓치지 말고 공격해 보세요!', '탐 켄치의 심연 잠수를 조심하세요. 이동 불가 군중 제어 효과로 정신 집중을 취소할 수 있습니다.'","서포터로서 가장 중요한 역할은 약한 아군을 안전하게 지키는 것입니다. 집어삼키기의 재사용 대기시간과 사거리를 잘 생각해서 위치를 잡으세요!', '두꺼운 피부 사용 효과는 언제 쓸지 잘 생각해야 합니다. 미리 보호막을 사용하여 추가 피해를 막는 편이 나을 때도 있지만, 체력 회복 효과를 활용하는 것이 훨씬 이득이 될 수도 있습니다.'",탐 켄치
트런들,Trundle,48,https://opgg-static.akamaized.net/meta/images/lol/champion/Trundle.png,"트런들은 스킬 적용 범위 안에서 전투 시 매우 강해집니다. 얼음 왕국에서 끌어낸 후 상대하십시오.', '얼음 기둥은 이동 속도를 상당히 느리게 하므로 최대한 빨리 벗어나십시오.'","트런들은 얼음 왕국에서 싸울 때 가장 유리합니다. 적들을 해당 지역으로 유인하십시오.', '진압을 사용하면 강력한 적 방어 담당을 약화시키거나 아군이 공격을 집중할 수 있는 대상으로 만들 수 있습니다.', '깨물기는 적의 공격력을 낮출 수 있습니다. 적 물리 공격수를 목표로 하는 게 좋습니다.'",트런들
트리스타나,Tristana,18,https://opgg-static.akamaized.net/meta/images/lol/champion/Tristana.png,"트리스타나가 전투 도중 속사 스킬을 사용할 경우, 트리스타나를 바로 기절시키고 스킬 효과가 없어질 때까지 물러나는 전술을 사용해 보십시오.', '아군 미니언에서 물러나 있으면 폭발 화약의 피해를 피할 수 있습니다.'","트리스타나는 큰 대포를 사용해 먼 거리에서 적을 공격할 수 있습니다. 사거리를 최대로 활용하여 적이 다가오지 못하게 하십시오.', '적 하나를 노려 폭발 화약의 중첩을 쌓은 다음 로켓 점프를 연계하면 엄청난 화력으로 적을 끝장낼 수 있습니다.', '속사 스킬을 이용해 적 챔피언에게 폭발 화약의 중첩을 빠르게 누적시키세요.'",트리스타나
트린다미어,Tryndamere,23,https://opgg-static.akamaized.net/meta/images/lol/champion/Tryndamere.png,"트린다미어가 미니언을 제거한 후 피의 갈망으로 체력을 회복하지 못하도록 게임 초반부에 그를 공격하십시오.', '트린다미어에게 등을 돌린 경우에만 이동 속도가 감소한다는 점을 기억해 주세요.', '트린다미어의 공격 스킬 대부분은 물리 피해를 줍니다. 트린다미어가 너무 강력해지면 가시 갑옷을 구매하는 것도 좋은 방법입니다.'","불사의 분노를 아껴두면 적 챔피언이 방심하고 덤벼들도록 유인할 수 있습니다.', '트린다미어는 피의 갈망으로 체력을 회복할 수 있습니다. 스킬이 사라지기 전에 사용하십시오.', '적이 방어력을 위주로 아이템을 장착했다면 최후의 속삭임이나 요우무의 유령검 같은 아이템을 사용해 보십시오.'",트린다미어
트위스티드 페이트,TwistedFate,4,https://opgg-static.akamaized.net/meta/images/lol/champion/TwistedFate.png,"게임 초반에 챔피언의 최대 체력이 낮다면 와일드 카드 회피에 주력하십시오.', '체력이 얼마 없다면 운명 표식으로 후퇴할 타이밍을 판단하십시오. 트위스티드 페이트의 운명 스킬에 주의하면 언제 있을지 모를 급습을 미리 피할 수 있습니다.'","아군과 작전을 짜 운명으로 적을 기습하십시오.', '은신형 캐릭터는 보통 체력을 많이 잃으면 전장에서 이탈합니다. 운명의 효과로 은신한 챔피언을 찾아 끝장내십시오.', '트위스티드 페이트는 공격형 또는 주문력 위주 챔피언으로 만들 수 있으므로 팀에서 다양한 역할을 할 수 있습니다.'",트위스티드 페이트
트위치,Twitch,29,https://opgg-static.akamaized.net/meta/images/lol/champion/Twitch.png,"트위치는 체력이 매우 낮습니다. 위장 상태의 트위치를 찾아내면 팀원들과 힘을 합쳐 빨리 처치하십시오.', '마법 보호막은 트위치의 맹독 스킬이 가지는 피해 자체를 막을 수는 없으나 기타 다른 효과는 막아낼 수 있습니다.', '트위치가 공격로에서 사라진 것 같으면 동료들에게 트위치가 행방불명(미아)되었다는 것을 꼭 알리십시오.'","트위치는 공격 속도가 챔피언 중 가장 높은 편입니다. 칠흑의 양날 도끼 또는 마법사의 최후처럼 적중 시 발동 효과가 있는 아이템을 구입하여 효과를 극대화하십시오.', '오염 스킬은 사거리가 긴 편입니다. 적에게 맹독을 최대한 많이 맞춘 후 사용하십시오.', '공격 사거리 밖으로 나간 적은 독약 병을 사용하여 따라잡을 수 있습니다.'",트위치
티모,Teemo,17,https://opgg-static.akamaized.net/meta/images/lol/champion/Teemo.png,"티모의 맹독 다트는 치고 빠지는 타겟에게 효과적인 견제 수단입니다. 따라서 공격을 쏟아부을 준비가 끝나기 전에는 다가가지 마십시오.', '예언자의 렌즈(장신구)를 사용하여 주요 위치 주변에 있는 버섯을 파괴하는 것도 좋은 방법입니다.'","티모는 버섯을 사용하여 효과적으로 미니언을 사냥할 수 있습니다.', '드래곤이나 내셔 남작 근처 등 지도 주요 위치에 버섯을 설치하면 적들이 이들 거대 몬스터를 사냥할 때를 파악할 수 있습니다.'",티모
파이크,Pyke,555,https://opgg-static.akamaized.net/meta/images/lol/champion/Pyke.png,"파이크는 적 챔피언에게 피해를 입어 잃은 체력 중 상당 부분을 회복합니다. 하지만 적의 시야에 보이지 않을 때만 회복이 가능합니다.', '파이크가 유령 잠수를 사용해 가까운 곳에 숨어있을 때는 챔피언의 발밑에서 상어가 원을 그립니다.', '체력이 낮은 아군 근처에 가지 마세요. 파이크가 깊은 바다의 처형을 사용하면 다음 차례에는 자신이 처형될 수 있습니다.'","파이크는 체력이 약한 편이기 때문에 전투에서 잠시 동안 몸을 피해야 할 때도 있습니다. 적에게 보이지 않을 경우에는 가라앉은 자들의 축복으로 상당량의 체력을 회복할 수 있습니다.', '뼈 작살을 길게 눌러 사용하면 항상 일정한 거리만큼 적을 끌어당깁니다. 가까운 적에게 사용할 경우 파이크의 등 뒤로 적을 넘길 수 있습니다.', '뼈 작살을 짧게 눌러 사용하면 훨씬 빠르게 추가 피해를 줄 수 있습니다.', '공격 스킬의 대부분은 도주 수단이 되기도 합니다. 전투에서 빠져나올 방법을 미리 계획해 두세요.'",파이크
판테온,Pantheon,80,https://opgg-static.akamaized.net/meta/images/lol/champion/Pantheon.png,"판테온이 방패 돌격을 사용하면 정면의 공격으로부터 무적이 됩니다. 따라서 뒤에서 공격하거나 스킬이 끝날 때까지 기다리세요.', '체력이 낮은 상태로 판테온 근처에 가지 않도록 주의하세요. 혜성의 창은 체력이 낮은 적을 즉시 처치합니다.', '판테온이 거대 유성을 사용하면 떨어지기 몇 초 전부터 경고 신호가 나타납니다. 이때 멀리 벗어나거나 반격을 준비하세요.'","필멸자의 의지는 스킬이나 기본 공격을 5번 사용하면 활성화됩니다. 전투에서 필멸자의 의지를 여러 번 사용할 수 있도록 전략을 잘 세우세요.', '적에게 달려들기 전에 혜성의 창으로 먼저 체력을 낮추세요.', '적이 방패 돌격 사거리에서 벗어나면 스킬을 다시 사용해 즉시 방패로 타격할 수 있습니다.'",판테온
피들스틱,Fiddlesticks,9,https://opgg-static.akamaized.net/meta/images/lol/champion/Fiddlesticks.png,,,피들스틱
피오라,Fiora,114,https://opgg-static.akamaized.net/meta/images/lol/champion/Fiora.png,"치명적인 검무는 피오라가 공격하려는 곳을 드러내주므로, 이 때 반격할 준비를 갖추세요.', '피오라에게 이동 불가 효과를 걸 때는 주의하세요. 응수 스킬을 사용할 수 있다면 이를 막아내며 역공을 가할 겁니다.'","치명적인 검무 기본 지속 효과 덕분에 피오라는 딜 교환이 빠릅니다. 급소를 가격하여 이동 속도를 높여서 안전하게 빠져나오거나, 다음 급소 공격을 노리세요.', '대결투 스킬을 사용하면 튼튼한 적 탱커도 쓰러뜨릴 수 있으며, 처치에 성공하면 체력을 회복할 수 있습니다. 따라서 적 최전방 챔피언을 노리는 것도 좋습니다.'",피오라
피즈,Fizz,105,https://opgg-static.akamaized.net/meta/images/lol/champion/Fizz.png,"피즈가 강화된 스킬을 사용한 후에는 몇 초 동안 기본 공격이 강력해지니 삼지창이 빛날 땐 거리를 유지하세요.', '스킬을 모두 사용할 수 있을 때의 피즈는 매우 잡기 어려우니 스킬을 미리 쓰도록 유도한 후 군중 제어기나 강력한 공격 스킬을 사용해 보세요.'","피즈는 유닛을 통과할 수 있으므로, 공격로 대치 단계에서 미니언 사이로 이동하며 심해석 삼지창의 기본 지속 효과를 입히고 몇 초 후 해당 스킬을 사용해 공격해 보세요.', '피즈의 궁극기 미끼 뿌리기는 적 또는 적의 예상 경로를 대상으로 할 수 있습니다.', '피즈의 스킬은 주문력을 기반으로 합니다. 적에 고화력 위주의 챔피언이 많다면 존야의 모래시계나 밴시의 장막을, 체력이 적더라도 생존할 자신이 있다면 리치베인이나 라바돈의 죽음모자를 구매하는 게 좋습니다.'",피즈
하이머딩거,Heimerdinger,74,https://opgg-static.akamaized.net/meta/images/lol/champion/Heimerdinger.png,"하이머딩거의 포탑은 하나씩 제거하기보다 미니언의 도움을 받아 한꺼번에 제거하는 편이 낫습니다.', '하이머딩거는 어떤 곤경에 처해도 거의 다 업그레이드!!! 스킬로 해결할 수 있으니 조심하세요. 궁극기가 빠진 다음 들어가서 처치하시면 됩니다!'","포탑 설치 위치는 전투에 중요한 영향을 미칠 수 있습니다. 대부분의 적에 대해서는 포탑을 여러 개 모아 설치하는 게 제일 좋지만, 적에게 광역 공격 피해를 받으면 순식간에 포탑을 잃게 됩니다. 포탑을 수풀 안에 설치하면 기습 공격으로 유리한 위치를 선점할 수 있습니다.', '하이머딩거의 생존을 위해서는 전자폭풍 수류탄을 잘 사용하는 것이 매우 중요합니다. 둔화와 기절을 통해 적들을 한 자리에 잡아두고 맹공을 가할 수도 있지만, 적의 급습에 대응하는 우선 방어 수단으로 잘 활용하세요.', '마법공학 초소형 로켓을 멀리 분산시키면 여러 적에게 확실하게 안정적으로 피해를 가할 수 있지만, 한 대상에게 집중시킬 때 효과는 가장 큽니다.'",하이머딩거
헤카림,Hecarim,120,https://opgg-static.akamaized.net/meta/images/lol/champion/Hecarim.png,"헤카림은 공포의 망령 스킬을 이용해 주변 적들에게서 체력을 얻는 대신 방어도가 낮으니 큰 피해를 주는 데 집중하세요.', '헤카림은 궁극기로 적들을 공포에 질려 도망가게 만듭니다. 교전 시에는 흩어져 있으면 피해를 줄일 수 있습니다.'","공포의 망령 스킬은 주변 적들이 피해를 입을 때 체력을 회복해 주며, 아군이 피해를 입혀도 역시 체력이 회복됩니다. 대규모 교전 시 공포의 망령을 활용해 헤카림의 생존력을 올리세요.', '파멸의 돌격은 이동 거리에 비례한 피해를 줍니다. 그림자의 맹습이나 소환사 주문 유체화 혹은 점멸을 이용해 피해량을 극대화하세요.'",헤카림
